-- MySQL dump 10.13  Distrib 5.1.41, for Win32 (ia32)
--
-- Host: localhost    Database: smspro
-- ------------------------------------------------------
-- Server version	5.1.41

/*!40101 SET @OLD_CHARACTER_SET_CLIENT=@@CHARACTER_SET_CLIENT */;
/*!40101 SET @OLD_CHARACTER_SET_RESULTS=@@CHARACTER_SET_RESULTS */;
/*!40101 SET @OLD_COLLATION_CONNECTION=@@COLLATION_CONNECTION */;
/*!40101 SET NAMES utf8 */;
/*!40103 SET @OLD_TIME_ZONE=@@TIME_ZONE */;
/*!40103 SET TIME_ZONE='+00:00' */;
/*!40014 SET @OLD_UNIQUE_CHECKS=@@UNIQUE_CHECKS, UNIQUE_CHECKS=0 */;
/*!40014 SET @OLD_FOREIGN_KEY_CHECKS=@@FOREIGN_KEY_CHECKS, FOREIGN_KEY_CHECKS=0 */;
/*!40101 SET @OLD_SQL_MODE=@@SQL_MODE, SQL_MODE='NO_AUTO_VALUE_ON_ZERO' */;
/*!40111 SET @OLD_SQL_NOTES=@@SQL_NOTES, SQL_NOTES=0 */;

--
-- Table structure for table `admin`
--

DROP TABLE IF EXISTS `admin`;
/*!40101 SET @saved_cs_client     = @@character_set_client */;
/*!40101 SET character_set_client = utf8 */;
CREATE TABLE `admin` (
  `admin_id` int(11) NOT NULL AUTO_INCREMENT,
  `name` longtext COLLATE utf8_unicode_ci NOT NULL,
  `email` longtext COLLATE utf8_unicode_ci NOT NULL,
  `password` longtext COLLATE utf8_unicode_ci NOT NULL,
  `level` longtext COLLATE utf8_unicode_ci NOT NULL,
  `authentication_key` longtext COLLATE utf8_unicode_ci NOT NULL,
  PRIMARY KEY (`admin_id`)
) ENGINE=InnoDB AUTO_INCREMENT=2 DEFAULT CHARSET=utf8 COLLATE=utf8_unicode_ci;
/*!40101 SET character_set_client = @saved_cs_client */;

--
-- Dumping data for table `admin`
--

LOCK TABLES `admin` WRITE;
/*!40000 ALTER TABLE `admin` DISABLE KEYS */;
INSERT INTO `admin` VALUES (1,'Mr. Admin Alam','admin@admin.com','admin','1','');
/*!40000 ALTER TABLE `admin` ENABLE KEYS */;
UNLOCK TABLES;

--
-- Table structure for table `attendance`
--

DROP TABLE IF EXISTS `attendance`;
/*!40101 SET @saved_cs_client     = @@character_set_client */;
/*!40101 SET character_set_client = utf8 */;
CREATE TABLE `attendance` (
  `attendance_id` int(11) NOT NULL AUTO_INCREMENT,
  `status` int(11) NOT NULL COMMENT '0 undefined , 1 present , 2  absent',
  `student_id` int(11) NOT NULL,
  `date` date NOT NULL,
  PRIMARY KEY (`attendance_id`)
) ENGINE=InnoDB AUTO_INCREMENT=103 DEFAULT CHARSET=latin1;
/*!40101 SET character_set_client = @saved_cs_client */;

--
-- Dumping data for table `attendance`
--

LOCK TABLES `attendance` WRITE;
/*!40000 ALTER TABLE `attendance` DISABLE KEYS */;
INSERT INTO `attendance` VALUES (1,1,1,'2016-01-04'),(2,1,1,'2016-01-06'),(3,1,2,'2016-01-06'),(4,2,3,'2016-01-06'),(5,1,4,'2016-01-06'),(6,1,5,'2016-01-06'),(7,2,6,'2016-01-06'),(8,1,7,'2016-01-06'),(9,2,8,'2016-01-06'),(10,1,9,'2016-01-06'),(11,1,10,'2016-01-06'),(12,1,11,'2016-01-06'),(13,1,12,'2016-01-06'),(14,2,13,'2016-01-06'),(15,1,14,'2016-01-06'),(16,1,15,'2016-01-06'),(17,1,16,'2016-01-06'),(18,2,17,'2016-01-06'),(19,1,18,'2016-01-06'),(20,1,19,'2016-01-06'),(21,2,20,'2016-01-06'),(22,1,21,'2016-01-06'),(23,1,22,'2016-01-06'),(24,1,23,'2016-01-06'),(25,1,24,'2016-01-06'),(26,2,25,'2016-01-06'),(27,1,26,'2016-01-06'),(28,1,52,'2016-01-06'),(29,1,53,'2016-01-06'),(30,1,54,'2016-01-06'),(31,2,55,'2016-01-06'),(32,1,56,'2016-01-06'),(33,1,57,'2016-01-06'),(34,1,58,'2016-01-06'),(35,1,59,'2016-01-06'),(36,1,60,'2016-01-06'),(37,2,61,'2016-01-06'),(38,1,62,'2016-01-06'),(39,1,63,'2016-01-06'),(40,1,64,'2016-01-06'),(41,2,65,'2016-01-06'),(42,1,66,'2016-01-06'),(43,1,67,'2016-01-06'),(44,2,68,'2016-01-06'),(45,1,69,'2016-01-06'),(46,1,70,'2016-01-06'),(47,2,71,'2016-01-06'),(48,2,72,'2016-01-06'),(49,1,73,'2016-01-06'),(50,1,74,'2016-01-06'),(51,1,75,'2016-01-06'),(52,1,76,'2016-01-06'),(53,1,77,'2016-01-06'),(54,1,78,'2016-01-06'),(55,1,79,'2016-01-06'),(56,1,80,'2016-01-06'),(57,1,81,'2016-01-06'),(58,2,82,'2016-01-06'),(59,1,83,'2016-01-06'),(60,1,84,'2016-01-06'),(61,1,85,'2016-01-06'),(62,2,86,'2016-01-06'),(63,1,87,'2016-01-06'),(64,2,88,'2016-01-06'),(65,2,89,'2016-01-06'),(66,1,90,'2016-01-06'),(67,1,91,'2016-01-06'),(68,1,92,'2016-01-06'),(69,1,93,'2016-01-06'),(70,2,94,'2016-01-06'),(71,1,95,'2016-01-06'),(72,1,96,'2016-01-06'),(73,1,97,'2016-01-06'),(74,2,98,'2016-01-06'),(75,2,99,'2016-01-06'),(76,1,100,'2016-01-06'),(77,1,101,'2016-01-06'),(78,1,102,'2016-01-06'),(79,1,103,'2016-01-06'),(80,1,104,'2016-01-06'),(81,1,105,'2016-01-06'),(82,2,106,'2016-01-06'),(83,1,107,'2016-01-06'),(84,1,108,'2016-01-06'),(85,1,109,'2016-01-06'),(86,1,110,'2016-01-06'),(87,1,111,'2016-01-06'),(88,1,112,'2016-01-06'),(89,2,113,'2016-01-06'),(90,1,114,'2016-01-06'),(91,1,115,'2016-01-06'),(92,1,116,'2016-01-06'),(93,2,117,'2016-01-06'),(94,1,118,'2016-01-06'),(95,1,119,'2016-01-06'),(96,1,120,'2016-01-06'),(97,2,121,'2016-01-06'),(98,1,122,'2016-01-06'),(99,1,123,'2016-01-06'),(100,1,124,'2016-01-06'),(101,1,125,'2016-01-06'),(102,1,126,'2016-01-06');
/*!40000 ALTER TABLE `attendance` ENABLE KEYS */;
UNLOCK TABLES;

--
-- Table structure for table `book`
--

DROP TABLE IF EXISTS `book`;
/*!40101 SET @saved_cs_client     = @@character_set_client */;
/*!40101 SET character_set_client = utf8 */;
CREATE TABLE `book` (
  `book_id` int(11) NOT NULL AUTO_INCREMENT,
  `name` longtext COLLATE utf8_unicode_ci NOT NULL,
  `description` longtext COLLATE utf8_unicode_ci NOT NULL,
  `author` longtext COLLATE utf8_unicode_ci NOT NULL,
  `class_id` longtext COLLATE utf8_unicode_ci NOT NULL,
  `status` longtext COLLATE utf8_unicode_ci NOT NULL,
  `price` longtext COLLATE utf8_unicode_ci NOT NULL,
  PRIMARY KEY (`book_id`)
) ENGINE=InnoDB AUTO_INCREMENT=3 DEFAULT CHARSET=utf8 COLLATE=utf8_unicode_ci;
/*!40101 SET character_set_client = @saved_cs_client */;

--
-- Dumping data for table `book`
--

LOCK TABLES `book` WRITE;
/*!40000 ALTER TABLE `book` DISABLE KEYS */;
INSERT INTO `book` VALUES (1,'English poems','All school peoms','Ram Narayan','4','available','100'),(2,'Mathematics calculations','All basic maths calculations','Aryabhatta','3','available','350');
/*!40000 ALTER TABLE `book` ENABLE KEYS */;
UNLOCK TABLES;

--
-- Table structure for table `ci_sessions`
--

DROP TABLE IF EXISTS `ci_sessions`;
/*!40101 SET @saved_cs_client     = @@character_set_client */;
/*!40101 SET character_set_client = utf8 */;
CREATE TABLE `ci_sessions` (
  `id` varchar(40) COLLATE utf8_unicode_ci NOT NULL,
  `ip_address` varchar(45) COLLATE utf8_unicode_ci NOT NULL,
  `timestamp` int(10) unsigned NOT NULL DEFAULT '0',
  `data` blob NOT NULL,
  PRIMARY KEY (`id`),
  KEY `ci_sessions_timestamp` (`timestamp`)
) ENGINE=InnoDB DEFAULT CHARSET=utf8 COLLATE=utf8_unicode_ci;
/*!40101 SET character_set_client = @saved_cs_client */;

--
-- Dumping data for table `ci_sessions`
--

LOCK TABLES `ci_sessions` WRITE;
/*!40000 ALTER TABLE `ci_sessions` DISABLE KEYS */;
INSERT INTO `ci_sessions` VALUES ('04960fa356d0fc5d36c1816fdf858a1743f836e3','::1',1513026494,'__ci_last_regenerate|i:1513026491;'),('0b21b9cbd35687a56b8b151dda07a72c30c6a947','::1',1514053696,'__ci_last_regenerate|i:1514053695;admin_login|s:1:\"1\";admin_id|s:1:\"1\";login_user_id|s:1:\"1\";name|s:14:\"Mr. Admin Alam\";login_type|s:5:\"admin\";'),('41502b55a84e94432295715bd7d8b9ec2a798873','::1',1513704881,'__ci_last_regenerate|i:1513704761;admin_login|s:1:\"1\";admin_id|s:1:\"1\";login_user_id|s:1:\"1\";name|s:14:\"Mr. Admin Alam\";login_type|s:5:\"admin\";'),('45b4132f4411d8336b255cd74284da7d8e79166a','::1',1515415894,'__ci_last_regenerate|i:1515415852;admin_login|s:1:\"1\";admin_id|s:1:\"1\";login_user_id|s:1:\"1\";name|s:14:\"Mr. Admin Alam\";login_type|s:5:\"admin\";'),('5fc6e4aa4b992bb1fedcef5b5596b42264055e76','::1',1513704446,'__ci_last_regenerate|i:1513704445;'),('6413b61ea63569a4df5eec9bbae94b112b939c14','::1',1514055628,'__ci_last_regenerate|i:1514055627;admin_login|s:1:\"1\";admin_id|s:1:\"1\";login_user_id|s:1:\"1\";name|s:14:\"Mr. Admin Alam\";login_type|s:5:\"admin\";'),('704034d355f537de75254aca2d0e774533bc3b44','::1',1514122761,'__ci_last_regenerate|i:1514122758;'),('c518cf85d9dd1354372e1b19c4f2ff4c2901fffb','::1',1513028290,'__ci_last_regenerate|i:1513028059;admin_login|s:1:\"1\";admin_id|s:1:\"1\";login_user_id|s:1:\"1\";name|s:14:\"Mr. Admin Alam\";login_type|s:5:\"admin\";flash_message|s:17:\"Password Mismatch\";__ci_vars|a:1:{s:13:\"flash_message\";s:3:\"old\";}'),('ca0f3feb10ac0f8ef14ef3bc42036f4a134b6df6','::1',1513007528,'__ci_last_regenerate|i:1513007527;admin_login|s:1:\"1\";admin_id|s:1:\"1\";login_user_id|s:1:\"1\";name|s:9:\"Mr. Admin\";login_type|s:5:\"admin\";'),('e4461a018846de144076bfcf124be98b244b8aa8','::1',1513191420,'__ci_last_regenerate|i:1513191419;');
/*!40000 ALTER TABLE `ci_sessions` ENABLE KEYS */;
UNLOCK TABLES;

--
-- Table structure for table `class`
--

DROP TABLE IF EXISTS `class`;
/*!40101 SET @saved_cs_client     = @@character_set_client */;
/*!40101 SET character_set_client = utf8 */;
CREATE TABLE `class` (
  `class_id` int(11) NOT NULL AUTO_INCREMENT,
  `name` longtext COLLATE utf8_unicode_ci NOT NULL,
  `name_numeric` longtext COLLATE utf8_unicode_ci NOT NULL,
  `teacher_id` int(11) NOT NULL,
  PRIMARY KEY (`class_id`)
) ENGINE=InnoDB AUTO_INCREMENT=5 DEFAULT CHARSET=utf8 COLLATE=utf8_unicode_ci;
/*!40101 SET character_set_client = @saved_cs_client */;

--
-- Dumping data for table `class`
--

LOCK TABLES `class` WRITE;
/*!40000 ALTER TABLE `class` DISABLE KEYS */;
INSERT INTO `class` VALUES (1,'Nursery','N',1),(2,'KG','k',2),(3,'First','1',1),(4,'Second','2',2);
/*!40000 ALTER TABLE `class` ENABLE KEYS */;
UNLOCK TABLES;

--
-- Table structure for table `class_routine`
--

DROP TABLE IF EXISTS `class_routine`;
/*!40101 SET @saved_cs_client     = @@character_set_client */;
/*!40101 SET character_set_client = utf8 */;
CREATE TABLE `class_routine` (
  `class_routine_id` int(11) NOT NULL AUTO_INCREMENT,
  `class_id` int(11) NOT NULL,
  `subject_id` int(11) NOT NULL,
  `time_start` int(11) NOT NULL,
  `time_end` int(11) NOT NULL,
  `time_start_min` int(11) NOT NULL,
  `time_end_min` int(11) NOT NULL,
  `day` longtext COLLATE utf8_unicode_ci NOT NULL,
  PRIMARY KEY (`class_routine_id`)
) ENGINE=InnoDB AUTO_INCREMENT=20 DEFAULT CHARSET=utf8 COLLATE=utf8_unicode_ci;
/*!40101 SET character_set_client = @saved_cs_client */;

--
-- Dumping data for table `class_routine`
--

LOCK TABLES `class_routine` WRITE;
/*!40000 ALTER TABLE `class_routine` DISABLE KEYS */;
INSERT INTO `class_routine` VALUES (1,1,1,10,11,30,30,'monday'),(2,1,2,11,12,30,30,'monday'),(3,1,3,13,14,0,0,'monday'),(4,1,1,10,11,30,30,'tuesday'),(5,1,2,11,12,30,30,'tuesday'),(6,1,1,10,11,30,30,'wednesday'),(7,1,1,10,11,30,30,'thursday'),(8,1,1,10,11,30,30,'friday'),(9,1,1,8,8,0,45,'saturday'),(10,1,2,11,12,30,30,'wednesday'),(11,1,2,11,12,30,30,'thursday'),(12,1,2,11,12,30,30,'friday'),(13,1,2,8,9,45,30,'saturday'),(14,1,3,13,14,0,0,'tuesday'),(15,1,3,13,14,0,0,'wednesday'),(16,1,3,13,14,0,0,'thursday'),(17,1,3,13,14,0,0,'friday'),(18,1,3,10,11,0,0,'saturday'),(19,2,4,10,11,30,30,'monday');
/*!40000 ALTER TABLE `class_routine` ENABLE KEYS */;
UNLOCK TABLES;

--
-- Table structure for table `document`
--

DROP TABLE IF EXISTS `document`;
/*!40101 SET @saved_cs_client     = @@character_set_client */;
/*!40101 SET character_set_client = utf8 */;
CREATE TABLE `document` (
  `document_id` int(11) NOT NULL AUTO_INCREMENT,
  `title` longtext COLLATE utf8_unicode_ci NOT NULL,
  `description` longtext COLLATE utf8_unicode_ci NOT NULL,
  `file_name` longtext COLLATE utf8_unicode_ci NOT NULL,
  `file_type` longtext COLLATE utf8_unicode_ci NOT NULL,
  `class_id` longtext COLLATE utf8_unicode_ci NOT NULL,
  `teacher_id` int(11) NOT NULL,
  `timestamp` longtext COLLATE utf8_unicode_ci NOT NULL,
  PRIMARY KEY (`document_id`)
) ENGINE=MyISAM AUTO_INCREMENT=3 DEFAULT CHARSET=utf8 COLLATE=utf8_unicode_ci;
/*!40101 SET character_set_client = @saved_cs_client */;

--
-- Dumping data for table `document`
--

LOCK TABLES `document` WRITE;
/*!40000 ALTER TABLE `document` DISABLE KEYS */;
INSERT INTO `document` VALUES (1,'ASP .Net Course Content','All details about course content in ASP.net','ASPNet.pdf','pdf','3',0,'1451948400'),(2,'C course content','Details about C language course content','CLanguage.pdf','pdf','1',0,'1451948400');
/*!40000 ALTER TABLE `document` ENABLE KEYS */;
UNLOCK TABLES;

--
-- Table structure for table `dormitory`
--

DROP TABLE IF EXISTS `dormitory`;
/*!40101 SET @saved_cs_client     = @@character_set_client */;
/*!40101 SET character_set_client = utf8 */;
CREATE TABLE `dormitory` (
  `dormitory_id` int(11) NOT NULL AUTO_INCREMENT,
  `name` longtext COLLATE utf8_unicode_ci NOT NULL,
  `number_of_room` longtext COLLATE utf8_unicode_ci NOT NULL,
  `description` longtext COLLATE utf8_unicode_ci NOT NULL,
  PRIMARY KEY (`dormitory_id`)
) ENGINE=MyISAM AUTO_INCREMENT=3 DEFAULT CHARSET=utf8 COLLATE=utf8_unicode_ci;
/*!40101 SET character_set_client = @saved_cs_client */;

--
-- Dumping data for table `dormitory`
--

LOCK TABLES `dormitory` WRITE;
/*!40000 ALTER TABLE `dormitory` DISABLE KEYS */;
INSERT INTO `dormitory` VALUES (1,'Hostel Wing A','15','Single Room'),(2,'Hostel Wing B','25','Double Room');
/*!40000 ALTER TABLE `dormitory` ENABLE KEYS */;
UNLOCK TABLES;

--
-- Table structure for table `exam`
--

DROP TABLE IF EXISTS `exam`;
/*!40101 SET @saved_cs_client     = @@character_set_client */;
/*!40101 SET character_set_client = utf8 */;
CREATE TABLE `exam` (
  `exam_id` int(11) NOT NULL AUTO_INCREMENT,
  `name` longtext COLLATE utf8_unicode_ci NOT NULL,
  `date` longtext COLLATE utf8_unicode_ci NOT NULL,
  `comment` longtext COLLATE utf8_unicode_ci NOT NULL,
  PRIMARY KEY (`exam_id`)
) ENGINE=InnoDB AUTO_INCREMENT=7 DEFAULT CHARSET=utf8 COLLATE=utf8_unicode_ci;
/*!40101 SET character_set_client = @saved_cs_client */;

--
-- Dumping data for table `exam`
--

LOCK TABLES `exam` WRITE;
/*!40000 ALTER TABLE `exam` DISABLE KEYS */;
INSERT INTO `exam` VALUES (1,'Unit Test 1','08/01/2015','UT1'),(2,'Unit Test 2','09/01/2015','UT2'),(3,'Mid Term 1','11/01/2015','T1'),(4,'Unit Test 3','01/01/2016','UT3'),(5,'Unit Test 3','02/01/2016','UT3'),(6,'Final Term 2','04/01/2016','T2');
/*!40000 ALTER TABLE `exam` ENABLE KEYS */;
UNLOCK TABLES;

--
-- Table structure for table `expense_category`
--

DROP TABLE IF EXISTS `expense_category`;
/*!40101 SET @saved_cs_client     = @@character_set_client */;
/*!40101 SET character_set_client = utf8 */;
CREATE TABLE `expense_category` (
  `expense_category_id` int(11) NOT NULL AUTO_INCREMENT,
  `name` longtext COLLATE utf8_unicode_ci NOT NULL,
  PRIMARY KEY (`expense_category_id`)
) ENGINE=InnoDB AUTO_INCREMENT=6 DEFAULT CHARSET=utf8 COLLATE=utf8_unicode_ci;
/*!40101 SET character_set_client = @saved_cs_client */;

--
-- Dumping data for table `expense_category`
--

LOCK TABLES `expense_category` WRITE;
/*!40000 ALTER TABLE `expense_category` DISABLE KEYS */;
INSERT INTO `expense_category` VALUES (1,'Teacher Salary'),(2,'Classroom Equipments'),(3,'Classroom Decorations'),(4,'Inventory Purchase'),(5,'Exam Accessories');
/*!40000 ALTER TABLE `expense_category` ENABLE KEYS */;
UNLOCK TABLES;

--
-- Table structure for table `grade`
--

DROP TABLE IF EXISTS `grade`;
/*!40101 SET @saved_cs_client     = @@character_set_client */;
/*!40101 SET character_set_client = utf8 */;
CREATE TABLE `grade` (
  `grade_id` int(11) NOT NULL AUTO_INCREMENT,
  `name` longtext COLLATE utf8_unicode_ci NOT NULL,
  `grade_point` longtext COLLATE utf8_unicode_ci NOT NULL,
  `mark_from` int(11) NOT NULL,
  `mark_upto` int(11) NOT NULL,
  `comment` longtext COLLATE utf8_unicode_ci NOT NULL,
  PRIMARY KEY (`grade_id`)
) ENGINE=InnoDB AUTO_INCREMENT=6 DEFAULT CHARSET=utf8 COLLATE=utf8_unicode_ci;
/*!40101 SET character_set_client = @saved_cs_client */;

--
-- Dumping data for table `grade`
--

LOCK TABLES `grade` WRITE;
/*!40000 ALTER TABLE `grade` DISABLE KEYS */;
INSERT INTO `grade` VALUES (1,'A+','100',76,100,'Distinction Marks'),(2,'A','80',61,75,'First'),(3,'B+','60',46,60,'Second'),(4,'B','40',35,45,'Third'),(5,'F','0',0,34,'Fail');
/*!40000 ALTER TABLE `grade` ENABLE KEYS */;
UNLOCK TABLES;

--
-- Table structure for table `invoice`
--

DROP TABLE IF EXISTS `invoice`;
/*!40101 SET @saved_cs_client     = @@character_set_client */;
/*!40101 SET character_set_client = utf8 */;
CREATE TABLE `invoice` (
  `invoice_id` int(11) NOT NULL AUTO_INCREMENT,
  `student_id` int(11) NOT NULL,
  `title` longtext COLLATE utf8_unicode_ci NOT NULL,
  `description` longtext COLLATE utf8_unicode_ci NOT NULL,
  `amount` int(11) NOT NULL,
  `amount_paid` longtext COLLATE utf8_unicode_ci NOT NULL,
  `due` longtext COLLATE utf8_unicode_ci NOT NULL,
  `creation_timestamp` int(11) NOT NULL,
  `payment_timestamp` longtext COLLATE utf8_unicode_ci NOT NULL,
  `payment_method` longtext COLLATE utf8_unicode_ci NOT NULL,
  `payment_details` longtext COLLATE utf8_unicode_ci NOT NULL,
  `status` longtext COLLATE utf8_unicode_ci NOT NULL COMMENT 'paid or unpaid',
  PRIMARY KEY (`invoice_id`)
) ENGINE=MyISAM AUTO_INCREMENT=2 DEFAULT CHARSET=utf8 COLLATE=utf8_unicode_ci;
/*!40101 SET character_set_client = @saved_cs_client */;

--
-- Dumping data for table `invoice`
--

LOCK TABLES `invoice` WRITE;
/*!40000 ALTER TABLE `invoice` DISABLE KEYS */;
INSERT INTO `invoice` VALUES (1,6,'Books Invoice','5 text books taken',500,'400','100',1451862000,'','','','unpaid');
/*!40000 ALTER TABLE `invoice` ENABLE KEYS */;
UNLOCK TABLES;

--
-- Table structure for table `language`
--

DROP TABLE IF EXISTS `language`;
/*!40101 SET @saved_cs_client     = @@character_set_client */;
/*!40101 SET character_set_client = utf8 */;
CREATE TABLE `language` (
  `phrase_id` int(11) NOT NULL AUTO_INCREMENT,
  `phrase` longtext COLLATE utf8_unicode_ci NOT NULL,
  `english` longtext COLLATE utf8_unicode_ci NOT NULL,
  `bengali` longtext COLLATE utf8_unicode_ci NOT NULL,
  `spanish` longtext COLLATE utf8_unicode_ci NOT NULL,
  `arabic` longtext COLLATE utf8_unicode_ci NOT NULL,
  `dutch` longtext COLLATE utf8_unicode_ci NOT NULL,
  `russian` longtext COLLATE utf8_unicode_ci NOT NULL,
  `chinese` longtext COLLATE utf8_unicode_ci NOT NULL,
  `turkish` longtext COLLATE utf8_unicode_ci NOT NULL,
  `portuguese` longtext COLLATE utf8_unicode_ci NOT NULL,
  `hungarian` longtext COLLATE utf8_unicode_ci NOT NULL,
  `french` longtext COLLATE utf8_unicode_ci NOT NULL,
  `greek` longtext COLLATE utf8_unicode_ci NOT NULL,
  `german` longtext COLLATE utf8_unicode_ci NOT NULL,
  `italian` longtext COLLATE utf8_unicode_ci NOT NULL,
  `thai` longtext COLLATE utf8_unicode_ci NOT NULL,
  `urdu` longtext COLLATE utf8_unicode_ci NOT NULL,
  `hindi` longtext COLLATE utf8_unicode_ci NOT NULL,
  `latin` longtext COLLATE utf8_unicode_ci NOT NULL,
  `indonesian` longtext COLLATE utf8_unicode_ci NOT NULL,
  `japanese` longtext COLLATE utf8_unicode_ci NOT NULL,
  `korean` longtext COLLATE utf8_unicode_ci NOT NULL,
  PRIMARY KEY (`phrase_id`)
) ENGINE=MyISAM AUTO_INCREMENT=413 DEFAULT CHARSET=utf8 COLLATE=utf8_unicode_ci;
/*!40101 SET character_set_client = @saved_cs_client */;

--
-- Dumping data for table `language`
--

LOCK TABLES `language` WRITE;
/*!40000 ALTER TABLE `language` DISABLE KEYS */;
INSERT INTO `language` VALUES (1,'login','login','????','login','????','login','?????','??','giris','login','bejelentkez','Connexion','s??des?','Login','login','???????????','??? ??','?????','login','login','????','???'),(2,'account_type','account type','?????????? ????','tipo de cuenta','??? ??????','type account','??? ?????','????','hesap t','tipo de conta','fi','Type de compte','t?? t?p? t?? ???a??as','Kontotyp','tipo di account','???????????','?????? ?? ???','???? ??????','propter speciem','Jenis akun','?????','?? ??'),(3,'admin','admin','????????','administraci','????','admin','?????','??','y','administrador','admin','administrateur','t? admin','Admin','Admin','???????????','?????','???????','Lorem ipsum dolor sit','admin','???','???'),(4,'teacher','teacher','??????','profesor','????','leraar','???????','??','','professor','tan','professeur','d?s?a???','Lehrer','insegnante','???','?????','??????','Magister','guru','??','??'),(5,'student','student','?????','estudiante','????','student','???????','??','','estudante','di','','f??t?t??','Sch','studente','????????','???? ???','?????','discipulo','mahasiswa','??','??'),(6,'parent','parent','???? ?? ????','padre','???','ouder','????????','?','ebeveyn','parente','sz','m','','Elternteil','genitore','?????????','??????','???? - ????','parente','induk','?','???'),(7,'email','email','?????','email','?????? ??????????','e-mail','?? ??????????? ?????','????','E-posta','e-mail','E-mail','email','e-mail','E-Mail-','e-mail','??????','?? ???','????','email','email','???','???'),(8,'password','password','??????????','contrase','???? ????','wachtwoord','??????','??','sifre','senha','jelsz','mot de passe','t?? ??d???','Passwort','password','????????','???','???????','Signum','kata sandi','?????','??'),(9,'forgot_password ?','forgot password ?','?????????? ???? ??????','','???? ???? ???????','wachtwoord vergeten?','?????? ???????','?????','Sifremi unuttum?','Esqueceu a senha?','Elfelejtett jelsz','Mot de passe oubli','?e??sate t?? ??d???;','Passwort vergessen?','dimenticato la password?','???????????','??? ??? ???? ????','???? ????????? ????','oblitus esne verbi?','lupa password?','??????????','????? ?? ????'),(10,'reset_password','reset password','?????????? ?????','restablecer la contrase','????? ????? ???? ??????','reset wachtwoord','???????? ??????','????','sifrenizi sifirlamak','redefinir a senha','Jelsz','r','epa?af??ete t?? ??d??? p??s','Kennwort zur','reimpostare la password','???????????????','??? ??? ?? ???','??????? ?????','Duis adipiscing','reset password','???????????','??? ???'),(11,'reset','reset','????? ????','reajustar','????? ?????','reset','?????','??','ayarlamak','restabelecer','vissza','remettre','epa?af???','r','reset','????????','?? ???','????? ????','Duis','ulang','????','???'),(12,'admin_dashboard','admin dashboard','???????? ??????????','administrador salpicadero','?????? ??? ???????','admin dashboard','????? ??????','????','Admin paneli','Admin Dashboard','admin muszerfal','administrateur tableau de bord','p??a?a e?????? t?? d?a?e???st?','Admin-Dashboard','Admin Dashboard','???????????????????????','????? ??? ????','?????????? ????????','Lorem ipsum dolor sit Dashboard','admin dashboard','?????????','??? ?? ??'),(13,'account','account','?????','cuenta','????','rekening','????','??','hesap','conta','sz','compte','???a??as','Konto','conto','?????','??????','????','propter','rekening','?????','??'),(14,'profile','profile','??????','perfil','???','profiel','???????','??','profil','perfil','profil','profil','p??f??','Profil','profilo','???????','???????','???????','profile','profil','??????','???'),(15,'change_password','change password','?????????? ????????','cambiar la contrase','????? ???? ??????','wachtwoord wijzigen','???????? ??????','????','sifresini degistirmek','alterar a senha','jelsz','changer le mot de passe','a????ete t?? ??d??? p??s','Kennwort ','cambiare la password','???????????????','??? ??? ?????','??????? ?????????','mutare password','mengubah password','??????????','??? ??'),(16,'logout','logout','?? ???','logout','????? ??????','logout','?????','??','logout','Sair','logout','D','ap?s??des?','logout','Esci','??????????','??? ??? ????','??????','logout','logout','?????','?? ??'),(17,'panel','panel','???????','panel','????','paneel','??????','??','panel','painel','bizotts','panneau','p??a?a?','Platte','pannello','??????????','????','????','panel','panel','???','??'),(18,'dashboard_help','dashboard help','?????????? ???????','salpicadero ayuda','???? ??????? ??????','dashboard hulp','????????? ?????? ??????','?????','pano yardim','dashboard ajuda','muszerfal help','tableau de bord aide','ta','Dashboard-Hilfe','dashboard aiuto','??????????????????????','??? ???? ???','???????? ???','Dashboard auxilium','dashboard bantuan','??????????','?? ?? ???'),(19,'dashboard','dashboard','??????????','salpicadero','???? ???????','dashboard','????????? ??????','???','g','painel de instrumentos','muszerfal','tableau de bord','ta','Armaturenbrett','cruscotto','???????','??? ????','????????','Dashboard','dasbor','???????','???'),(20,'student_help','student help','??????????? ???????','ayuda estudiantil','?????? ??????','student hulp','??????? ??????','?????','','ajuda estudante','di','aide aux ','f??t?t?? ','Sch','help studente','?????????????????','???? ??? ?? ???','????? ???','Discipulus auxilium','membantu siswa','??????','?? ???'),(21,'teacher_help','teacher help','?????? ???????','ayuda del maestro','?????? ??????','leraar hulp','??????? ??????','?????','','ajuda de professores','tan','aide de l\'enseignant','','Lehrer-Hilfe','aiuto dell\'insegnante','????????????','????? ?? ???','?????? ???','doctor auxilium','bantuan guru','??????','??? ??'),(22,'subject_help','subject help','????? ???????','ayuda sujeto','?????? ???????','Onderwerp hulp','????????? ??????','????','konusu yardim','ajuda assunto','t','l\'objet de l\'aide','?p??e??ta? ','Thema Hilfe','Aiuto Subject','???????????????????','????? ???','???? ???','agitur salus','bantuan subjek','?????','?? ??'),(23,'subject','subject','?????','sujeto','?????','onderwerp','????','??','konu','assunto','t','sujet','??','Thema','soggetto','??????','?????','????','agitur','subyek','???','??'),(24,'class_help','class help','???? ???????','clase de ayuda','?????? ??????','klasse hulp','????? ??????','????','sinif yardim','classe ajuda','oszt','aide de la classe','?at?????a ','Klasse Hilfe','help classe','????????????????????????','???? ???','????? ???','genus auxilii','kelas bantuan','???????','??? ??'),(25,'class','class','????','clase','???','klasse','?????','?','sinif','classe','oszt','classe','?at?????a','Klasse','classe','????','????','????','class','kelas','???','???'),(26,'exam_help','exam help','????????? ???????','ayuda examen','?????? ??????','examen hulp','??????? ??????','????','sinav yardim','exame ajuda','vizsga help','aide ','e?et?se?? ','Pr','esame di guida','???????????????????','?????? ???','??????? ???','ipsum Auxilium','ujian bantuan','?????','??? ??'),(27,'exam','exam','???????','examen','??????','tentamen','???????','??','sinav','exame','vizsg','exam','e??tas?','Pr','esame','??????','??????','???????','Lorem ipsum','ujian','??','??'),(28,'marks_help','marks help','????? ???????','marcas ayudan','?????? ??????','markeringen helpen','????? ????????','????','isaretleri yardim','marcas ajudar','jelek seg','marques aident','s?','Markierungen helfen','segni aiutano','???????????????','???? ???','????? ???','notas auxilio','tanda membantu','???????','??? ? ???'),(29,'marks-attendance','marks-attendance','?????-?????????','marcas-asistencia','??????-??????','merken-deelname','?????-????????????','????','isaretleri-katilim','marcas de comparecimento','jelek-ell','marques-participation','s?','Marken-Teilnahme','marchi-presenze','??????????????????????','???? ?????','????? ????????','signa eius ministrabant,','tanda-pertemuan','???','?? ??'),(30,'grade_help','grade help','????? ???????','ayuda de grado','?????? ????','leerjaar hulp','?????? ??????','???','sinif yardim','ajuda grau','fokozat help','aide de qualit','','Grade-Hilfe','aiuto grade','?????????????','???? ???','????? ???','gradus ope','kelas bantuan','????????','? ??'),(31,'exam-grade','exam-grade','???????? ??????','examen de grado','?????? ????','examen-grade','??????? ??????','????','sinav notu','exame de grau','vizsga-grade','examen de qualit','e?et?se?? p???t?ta?','Pr','esami-grade','???????','?????? ????','??????? ?????','ipsum turpis,','ujian-grade','??????','?? ??'),(32,'class_routine_help','class routine help','??????? ????? ???????','clase ayuda rutina','?????? ?????? ???????','klasroutine hulp','????? ?????? ??????','?????','sinif rutin yardim','classe ajuda rotina','oszt','classe aide routine','?at?????a ???t??a? ','Klasse Routine Hilfe','Classe aiuto di routine','?????????????????????????','???? ????? ???','???? ???????? ???','uno genere auxilium','kelas bantuan rutin','???????????','??? ?? ??'),(33,'class_routine','class routine','??????? ?????','rutina de la clase','??? ?????????','klasroutine','????? ???????????','???','sinif rutin','rotina classe','oszt','routine de classe','?at?????a ???t??a','Klasse Routine','classe di routine','?????????','???? ?????','???? ????????','in genere uno,','rutin kelas','???','??? ??'),(34,'invoice_help','invoice help','????? ???????','ayuda factura','?????? ????????','factuur hulp','????-??????? ??????','????','fatura yardim','ajuda factura','sz','aide facture','t?','Rechnungs Hilfe','help fattura','???????????????????','?????? ???','????? ??????','auxilium cautionem','bantuan faktur','??????','?? ??'),(35,'payment','payment','??????','pago','???','betaling','??????','??','','pagamento','fizet','paiement','p????','Zahlung','pagamento','???????????','???????','??????','pecunia','pembayaran','???','??'),(36,'book_help','book help','?????? ???????','libro de ayuda','???? ????????','boek hulp','????? ??????','????','kitap yardimi','livro ajuda','k','livre aide','','Buch-Hilfe','della guida','????????????????','???? ???','?????? ???','auxilium libro,','Buku bantuan','???????','? ???'),(37,'library','library','?????????','biblioteca','?????','bibliotheek','??????????','??','k','biblioteca','k','biblioth','','Bibliothek','biblioteca','????????','????????','?????????','library','perpustakaan','???','???'),(38,'transport_help','transport help','????????? ???????','ayuda de transporte','?????? ?????','vervoer help','????????? ??????','????','ulasim yardim','ajuda de transporte','sz','le transport de l\'aide','','Transport Hilfe','help trasporti','?????????????????','??? ? ??? ???','?????? ???','auxilium onerariis','transportasi bantuan','??????','?? ??'),(39,'transport','transport','??????','transporte','???','vervoer','?????????','??','tasima','transporte','sz','transport','','Transport','trasporto','????????','??? ? ???','??????','onerariis','angkutan','??','??'),(40,'dormitory_help','dormitory help','??????? ???????','dormitorio de ayuda','???? ????????','slaapzaal hulp','????????? ??????','????','yatakhane yardim','dormit','koll','dortoir aide','???t??a ','Wohnheim Hilfe','dormitorio aiuto','??????????????','??????? ???','????????? ???','dormitorium auxilium','asrama bantuan','?????','??? ???'),(41,'dormitory','dormitory','?????? - ???????','dormitorio','??????','slaapzaal','???????','??','yatakhane','dormit','h','dortoir','???t??a','Wohnheim','dormitorio','?????','???????','?????????','dormitorium','asrama mahasiswa','?','???'),(42,'noticeboard_help','noticeboard help','?????????? ???????','tabl','??????? ??????','prikbord hulp','????? ??? ?????????? ??????','????','noticeboard yardim','avisos ajuda','','panneau d\'aide','a?a?????se?? ','Brett-Hilfe','bacheca aiuto','???????????????????????','noticeboard ???','Noticeboard ???','auxilium noticeboard','pengumuman bantuan','???????','? noticeboard ???'),(43,'noticeboard-event','noticeboard-event','??????????-??????','tabl','??????? ?????','prikbord-event','????? ??? ??????????-???????','?????','noticeboard olay','avisos de eventos','','panneau d\'','a?a?????se?? e?d???s?','Brett-Ereignis','bacheca-evento','??????????????????????','noticeboard ?????','Noticeboard ????','noticeboard eventus,','pengumuman-acara','???????','? noticeboard ???'),(44,'bed_ward_help','bed ward help','?????? ??????? ???????','cama ward ayuda','???? ???? ????????','bed ward hulp','??????? ?????????? ??????','??????','yatak kogus yardim','ajuda cama enfermaria','','lit salle de l\'aide','??e','Betten-Station Hilfe','Letto reparto aiuto','???????????????????','???? ???? ???','?????? ????? ???','lectum stans auxilium','tidur bangsal bantuan','?????????','?? ?? ??'),(45,'settings','settings','??????','configuraci','???????','instellingen','?????????','??','ayarlari','defini','be','param','???','Einstellungen','Impostazioni','??????????','???????','????????','occasus','Pengaturan','??','??'),(46,'system_settings','system settings','??????? ??????','configuraci','??????? ??????','systeeminstellingen','????????? ???????','????','sistem ayarlari','configura','rendszerbe','les param','???','Systemeinstellungen','impostazioni di sistema','??????????????','???? ?? ???????','??????? ????????','ratio occasus','pengaturan sistem','??????','??? ??'),(47,'manage_language','manage language','???? ? ????????','gestionar idioma','????? ?????','beheren taal','????????? ????','????','dil y','gerenciar l','kezelni nyelv','g','d?a?e???s? ???ssa','verwalten Sprache','gestire lingua','??????????','???? ?? ??????','???? ?? ???????','moderari linguam,','mengelola bahasa','?????','??? ??'),(48,'backup_restore','backup restore','??????? ??????????','copia de seguridad a restaurar','??????? ????? ?????????','backup terugzetten','???????????? ?????????? ???????????','????','yedekleme geri','de backup restaurar','Backup Restore','restauration de sauvegarde','epa?af???? a?t????f?? asfa?e?a?','Backup wiederherstellen','ripristino di backup','??????????????????????','??? ?? ????','????? ????','tergum restituunt','backup restore','????????????','?? ??'),(49,'profile_help','profile help','??????? ????????','Perfil Ayuda','??? ????????','profile hulp','?????? ??????','????','yardim profile','Perfil ajuda','profile help','profil aide','p??f?? ','Profil Hilfe','profilo di aiuto','????????????????????','??? ???????','???????? ???','Auctor nullam opem','Profil bantuan','?????????','?? ???'),(50,'manage_student','manage student','?????????? ? ????????','gestionar estudiante','????? ??????','beheren student','????????? ????????','????','','gerenciar estudante','kezelni di','g','d?a?e???s? t?? f??t?t??','Sch','gestire studente','??????????????','???? ??? ?? ??????','????? ?? ???????','curo alumnorum','mengelola siswa','?????','?? ??'),(51,'manage_teacher','manage teacher','?????? ? ????????','gestionar maestro','????? ??????','beheren leraar','????????? ???????','????','','gerenciar professor','kezelni tan','g','d?a?e???s? t?? e?pa?de?t????','Lehrer verwalten','gestire insegnante','?????????','???? ?? ??????','?????? ?? ???????','magister curo','mengelola guru','?????','?? ??'),(52,'noticeboard','noticeboard','??????????','tabl','???????','prikbord','????? ??? ??????????','??','noticeboard','quadro de avisos','','panneau d\'affichage','a?a?????se??','Brett','bacheca','??????????','noticeboard','Noticeboard','noticeboard','pengumuman','???','? noticeboard'),(53,'language','language','????','idioma','???','taal','????','?','dil','l','nyelv','langue','???ssa','Sprache','lingua','????','????','????','Lingua','bahasa','??','??'),(54,'backup','backup','???????','reserva','???','reservekopie','?????????','??','yedek','backup','ment','sauvegarde','efed?????','Sicherungskopie','di riserva','??????????????','??? ??','?????','tergum','backup','??????','??'),(55,'calendar_schedule','calendar schedule','??????????? ????????','horario de calendario','?????? ??????','kalender schema','????????? ??????????','????','takvim programi','agenda calend','napt','calendrier calendrier','?????d?a???','Kalender Zeitplan','programma di calendario','??????????????????','?????? ?????','??????? ???????','kalendarium ipsum','jadwal kalender','????????????','??? ??'),(56,'select_a_class','select a class','???? ?????? ????????','seleccionar una clase','??? ???','selecteer een class','???????? ?????','?????','bir sinif se','selecionar uma classe','v','s','ep????te ','W','selezionare una classe','?????????','??? ???? ????? ????','?? ???? ?? ??? ????','eligere genus','pilih kelas','??????','???? ??'),(57,'student_list','student list','??????????? ??????','lista de alumnos','????? ??????','student lijst','?????? ???????','????','','lista de alunos','di','liste des ','?at????? t?? f??t?t??','Sch','elenco degli studenti','???????????????','???? ??? ?? ?????','????? ????','Discipulus album','daftar mahasiswa','??????','?? ??'),(58,'add_student','add student','????? ???','a','????? ????','voeg student','???????? ????????','????','','adicionar estudante','hozz','ajouter ','p??s??ste f??t?t??','Student hinzuf','aggiungere studente','?????????????','???? ??? ????','????? ????','adde elit','menambahkan mahasiswa','?????','??? ??'),(59,'roll','roll','???','rollo','???','broodje','?????','?','rulo','rolo','tekercs','rouleau','????','Rolle','rotolo','????','???','???','volumen','gulungan','???','?'),(60,'photo','photo','???','foto','???','foto','????','??','fotograf','foto','f','photo','f?t???af?a','Foto','foto','???????','?????','?????','Lorem ipsum','foto','??','??'),(61,'student_name','student name','??????????? ???','Nombre del estudiante','??? ??????','naam van de leerling','??? ????????','????','','nome do aluno','tanul','nom de l\'','t? ???','Studentennamen','nome dello studente','????????????','???? ??? ?? ???','????? ?? ???','ipsum est nomen','nama siswa','?????','??? ??'),(62,'address','address','??????','direcci','?????','adres','?????','??','adres','endere','c','adresse','d?e????s?','Adresse','indirizzo','???????','??????','???','Oratio','alamat','????','??'),(63,'options','options','????','Opciones','??????','opties','?????','??','se','op','lehetos','les options','?p??????','Optionen','Opzioni','????????','????????','??????','options','Pilihan','?????','??'),(64,'marksheet','marksheet','marksheet','marksheet','marksheet','Marksheet','marksheet','marksheet','Marksheet','marksheet','Marksheet','relev','Marksheet','marksheet','Marksheet','marksheet','marksheet','???????','marksheet','marksheet','marksheet','marksheet'),(65,'id_card','id card','???? ?????','carnet de identidad','????? ??????','id-kaart','????????????? ????????','???','kimlik karti','carteira de identidade','szem','carte d\'identit','id ???ta','Ausweis','carta d\'identit','???????????','?????? ????','? ?? ?????','id ipsum','id card','ID???','???'),(66,'edit','edit','??????? ???','editar','?????','uitgeven','?????????????','??','d','editar','szerkeszt','modifier','edit','bearbeiten','modifica','?????','??? ????? ????','??????? ????','edit','mengedit','??','??'),(67,'delete','delete','???? ????','borrar','???','verwijderen','???????','??','silmek','excluir','t','effacer','d?a??af?','l','cancellare','??','????','?????','vel deleri,','menghapus','????','??'),(68,'personal_profile','personal profile','????????? ????????','perfil personal','??? ????','persoonlijk profiel','?????? ???????','????','kisisel profil','perfil pessoal','szem','profil personnel','p??s?p??? p??f??','pers','profilo personale','???????????????????????','???? ???????','????????? ????????','personal profile','profil pribadi','????','?? ???'),(69,'academic_result','academic result','???????? ?????','resultado acad','????? ??????????','academische resultaat','????????????? ?????????','????','akademik sonu','resultado acad','tudom','r','a?ad?','Studienergebnis','risultato accademico','??????????','?????? ?????','??????? ??????','Ex academicis','Hasil akademik','????','?? ????'),(70,'name','name','???','nombre','???','naam','????????','??','isim','nome','n','nom','???','Name','nome','????','???','???','nomen,','nama','??','??'),(71,'birthday','birthday','???????','cumplea','??? ?????','verjaardag','???? ????????','??','dogum g','anivers','sz','anniversaire','?e?????a','Geburtstag','compleanno','???????','??????','???????','natalis','ulang tahun','???','??'),(72,'sex','sex','?????','sexo','???','seks','????','??','seks','sexo','szex','sexe','f???','Sex','sesso','???','????','????','sex','seks','????','??'),(73,'male','male','?????','masculino','???','mannelijk','???????','??','erkek','masculino','f','m','a?se?????','m','maschio','??????','???????','??','masculus','laki-laki','??','??'),(74,'female','female','?????','femenino','????','vrouw','???????','?','kadin','feminino','noi','femelle','???????','weiblich','femminile','???????','??????','?????','femina,','perempuan','??','??'),(75,'religion','religion','????','religi','???','religie','???????','??','din','religi','vall','religion','???s?e?a','Religion','religione','?????','????','????','religionis,','agama','??','??'),(76,'blood_group','blood group','?????? ?????','grupo sangu','????? ????','bloedgroep','?????? ?????','??','kan grubu','grupo sangu','v','groupe sanguin','?','Blutgruppe','gruppo sanguigno','??????????','??? ?? ????','???? ????','sanguine coetus','golongan darah','???','???'),(77,'phone','phone','???','tel','????','telefoon','???????','??','telefon','telefone','telefon','t','t???f???','Telefon','telefono','????????','???','????','Praesent','telepon','??','??'),(78,'father_name','father name','????? ???','Nombre del padre','??? ????','naam van de vader','????????','????','baba adi','nome pai','apa n','nom de p','?? ???','Der Name des Vaters','nome del padre','???????','???? ?? ???','???? ?? ???','nomine Patris,','Nama ayah','?????','???? ??'),(79,'mother_name','mother name','?????? ???','Nombre de la madre','??? ????','moeder naam','??? ??????','?????','anne adi','Nome m','anyja n','nom de la m','t? ???','Name der Mutter','Nome madre','???????','??? ?? ???','???? ?? ???','matris nomen,','Nama ibu','????','??? ??'),(80,'edit_student','edit student','???????? ?????','edit estudiante','????? ??????','bewerk student','?????????????? ???????','????','edit ','edi','szerkeszt','modifier ','epe?e??as?a t?? f??t?t??','Sch','modifica dello studente','?????????????','????? ?? ???? ???','??????? ?????','edit studiosum','mengedit siswa','????','?? ??'),(81,'teacher_list','teacher list','?????? ??????','lista maestra','????? ??????','leraar lijst','?????? ????????','????','','lista de professores','tan','Liste des enseignants','??sta t?? e?pa?de?t????','Lehrer-Liste','elenco degli insegnanti','??????????','????? ?????','?????? ????','magister album','daftar guru','?????','??? ??'),(82,'add_teacher','add teacher','?????? ???','a','????? ??????','voeg leraar','???????? ???????','????','','adicionar professor','hozz','ajouter enseignant','p??s??ste d?s?a???','Lehrer hinzuf','aggiungere insegnante','????????','????? ????','?????? ????','Magister addit','menambah guru','?????','??? ??'),(83,'teacher_name','teacher name','?????? ???','Nombre del profesor','??? ??????','leraarsnaam','??? ???????','????','','nome professor','tan','nom des enseignants','???','Lehrer Name','Nome del docente','???????','????? ?? ???','?????? ?? ???','magister nomine','nama guru','???','?? ??'),(84,'edit_teacher','edit teacher','???????? ??????','edit maestro','????? ??????','leraar bewerken','??????? ???????','????','edit ','editar professor','szerkeszt','modifier enseignant','edit e?pa?de?t????','edit Lehrer','modifica insegnante','????????','????? ?????','??????? ???? ??????','edit magister','mengedit guru','?????','?? ??'),(85,'manage_parent','manage parent','??????? ? ????????','gestionar los padres','????? ????','beheren ouder','????????? ?????????','?????','ebeveyn y','gerenciar pai','kezelni sz','g','d?a?e???s? ','verwalten Mutter','gestione genitore','????????????','?????? ?? ??????','???? - ???? ?? ???????','curo parent','mengelola orang tua','????','?? ??'),(86,'parent_list','parent list','??? ??????','lista primaria','????? ??????','ouder lijst','????????????? ??????','???','ebeveyn listesi','lista pai','sz','liste parent','','geordneten Liste','elenco padre','????????????????','?????? ?? ?????','???? - ???? ????','parente album','daftar induk','????','?? ??'),(87,'parent_name','parent name','??? ???','Nombre del padre','??? ??????','oudernaam','???????? ????????','??','ebeveyn isim','nome do pai','sz','nom du parent','','Mutternamen','nome del padre','?????????????','?????? ?? ???','???? - ???? ?? ???','Nomen parentis,','nama orang tua','????','?? ??'),(88,'relation_with_student','relation with student','???????? ????? ???????','relaci','??????? ?? ??????','relatie met student','????????? ? ????????','?????','','rela','kapcsolatban di','relation avec l\'','s??s? ','Zusammenhang mit Studenten','rapporto con lo studente','???????????????????????','???? ??? ?? ???? ????','?????? ?? ??? ?????','cum inter ipsum','hubungan dengan siswa','??????','???? ??'),(89,'parent_email','parent email','??? ?????','correo electr','?????? ?????????? ????','ouder email','???????? ??????','???????','ebeveyn email','e-mail dos pais','sz','parent email','email t?? ????a','Eltern per E-Mail','email genitore','???????????????','?????? ?? ?? ???','???? - ???? ????','parente email','email induk','??????','??? ???'),(90,'parent_phone','parent phone','???????? ???','tel','?????? ????????','ouder telefoon','???????? ???????','????','ebeveyn telefon','telefone dos pais','sz','m','','Elterntelefon','telefono genitore','????????????????????','?????? ???','???? - ???? ?? ???','parentis phone','telepon orang tua','??????','?? ??'),(91,'parrent_address','parrent address','parrent ??????','Direcci','????? parrent','parrent adres','Parrent ?????','parrent??','parrent adresi','endere','parrent c','adresse Parrent','parrent d?e????s?','parrent Adresse','Indirizzo parrent','??????? parrent','parrent ??????','parrent ???','oratio parrent','alamat parrent','parrent????','parrent ??'),(92,'parrent_occupation','parrent occupation','parrent ??????','ocupaci','???????? parrent','parrent bezetting','Parrent ?????????','parrent??','parrent isgal','ocupa','parrent Foglalkoz','occupation Parrent','parrent ep???e?','parrent Beruf','occupazione parrent','????? parrent','parrent ????','parrent ?????','opus parrent','pendudukan parrent','parrent??','parrent ??'),(93,'add','add','??? ???','a','?????','toevoegen','?????????','?','eklemek','adicionar','hozz','ajouter','p??s????','hinzuf','aggiungere','?????','????','??????','Adde','menambahkan','???','??'),(94,'parent_of','parent of','???????','matriz de','???? ?','ouder van','????????','?','ebeveyn','pai','sz','parent d\'','????a?','Muttergesellschaft der','madre di','????????????','??????','?? ???? - ????','parentem,','induk dari','??','? ??'),(95,'profession','profession','????','profesi','????','beroep','?????????','??','meslek','profiss','szakma','profession','ep???e?','Beruf','professione','?????','????','???????','professio','profesi','??','??'),(96,'edit_parent','edit parent','???????? ????????','edit padres','????? ????????','bewerk ouder','??????? ????????','???','edit ebeveyn','edi','szerkeszt','modifier parent','edit ????a','edit Mutter','modifica genitore','??????????????','??? ????? ???? ??????','??????? ???','edit parent','mengedit induk','???','?? ??'),(97,'add_parent','add parent','???????? ???','a','????? ??????','Voeg een ouder','???????? ????????','???','ebeveyn ekle','adicionar pai','hozz','ajouter parent','p??s??ste ','Mutter hinzuf','aggiungere genitore','??????????????','?????? ????','???? - ???? ????','adde parent','menambahkan orang tua','????','??? ??'),(98,'manage_subject','manage subject','????? ? ????????','gestionar sujeto','????? ???????','beheren onderwerp','????????? ????','????','konuyu y','gerenciar assunto','kezelni t','g','d?a?e???s? ?p??e?ta?','Thema verwalten','gestire i soggetti','???????????????','????? ?? ??????','???? ?? ???????','subiectum disponat','mengelola subjek','?????','?? ??'),(99,'subject_list','subject list','????? ??????','lista por materia','????? ???????','Onderwerp lijst','?????? ????????','????','konu listesi','lista por assunto','t','liste de sujets','?p??e??ta? ??sta','Themenliste','lista soggetto','????????????','????? ?? ?????','???? ????','subiectum album','daftar subjek','?????????','?? ??'),(100,'add_subject','add subject','????? ???','A','????? ???????','Onderwerp toevoegen','???????? ????','????','konu ekle','adicionar assunto','T','ajouter l\'objet','???s???? ??','Thema hinzuf','aggiungere soggetto','???????????','?????','?????? ????','re addere','menambahkan subjek','?????','??? ??'),(101,'subject_name','subject name','????? ???','nombre del sujeto','??? ???????','Onderwerp naam','??? ????????','????','konu adi','nome do assunto','t','nom du sujet','?p??e??ta? ???','Thema Namen','nome del soggetto','??????????','????? ?? ???','???? ?? ???','agitur nomine','nama subjek','???????','?? ??'),(102,'edit_subject','edit subject','???????? ?????','Editar asunto','????? ???????','Onderwerp bewerken','???????? ????','????','d','Editar assunto','T','modifier l\'objet','edit ??','Betreff bearbeiten','Modifica oggetto','???????????','????? ??? ????? ????','???? ??????? ????','edit subiecto','mengedit subjek','????','?? ??'),(103,'manage_class','manage class','????? ? ????????','gestionar clase','????? ????','beheren klasse','????????? ?????','???','sinif y','gerenciar classe','kezelni oszt','g','d?a?e???s? t????','Klasse verwalten','gestione della classe','??????????????????','???? ?? ??????','???? ?? ???????','genus regendi','mengelola kelas','??????','????? ??'),(104,'class_list','class list','???? ??????','lista de la clase','????? ???','klasse lijst','?????? ?????','???','sinif listesi','lista de classe','class lista','liste de classe','p??a?a? ap?te?es','Klassenliste','elenco di classe','??????????','???? ?????','????? ????','genus album','daftar kelas','??????','??? ??'),(105,'add_class','add class','?????? ???','agregar la clase','????? ???','voeg klasse','???????? ?????','???','sinif eklemek','adicionar classe','hozz','ajouter la classe','p??s??sete t???','Klasse hinzuf','aggiungere classe','??????????','???? ???? ????','???? ????','adde genus','menambahkan kelas','??????','???? ??'),(106,'class_name','class name','??????? ???','nombre de la clase','??? ?????','class naam','??? ??????','??','sinif adi','nome da classe','oszt','nom de la classe','???','Klassennamen','nome della classe','????????','???? ???','???? ?? ???','Classis nomine','nama kelas','????','??? ??'),(107,'numeric_name','numeric name','???????? ???','nombre num','??? ?????','numerieke naam','???????? ???','????','Sayisal isim','nome num','numerikus n','nom num','a???','numerischen Namen','nome numerico','??????????','???? ???','???????? ???','secundum numerum est secundum nomen,','Nama numerik','?????','?? ??'),(108,'name_numeric','name numeric','???????? ??? ???','nombre num','????? ?????','naam numerieke','??????? ????????','????','sayisal isim','nome num','n','nommer num','???','nennen numerischen','nome numerico','??????????','???? ???','???????? ?? ???','secundum numerum est secundum nomen,','nama numerik','?????????','?? ???'),(109,'edit_class','edit class','???????? ????','clase de edici','?????? ?????','bewerken klasse','??????? ?????','???','sinif d','edi','szerkeszt','modifier la classe','edit ?at?????a','Klasse bearbeiten','modifica della classe','??????????','????? ????','??????? ????','edit genere','mengedit kelas','?????','?? ???'),(110,'manage_exam','manage exam','??????? ????????','gestionar examen','????? ????????','beheren examen','????????? ???????','????','sinavi y','gerenciar exame','kezelni vizsga','g','d?a?e???s? e?et?se??','Pr','gestire esame','????????????','?????? ?? ??????','??????? ?? ???????','curo ipsum','mengelola ujian','?????','?? ??'),(111,'exam_list','exam list','???????? ??????','lista de ex','????? ????????','examen lijst','?????? ???????','????','sinav listesi','lista de exames','vizsga lista','liste d\'examen','??sta e?et?se??','Pr','elenco esami','?????????','?????? ?????','??????? ????','Lorem ipsum album','daftar ujian','??????','?? ??'),(112,'add_exam','add exam','???????? ???','agregar examen','????? ??????','voeg examen','???????? ???????','????','sinav eklemek','adicionar exame','hozz','ajouter examen','p??s??sete e?et?se??','Pr','aggiungere esame','???????????','?????? ??? ???? ????','??????? ????','adde ipsum','menambahkan ujian','?????','??? ??'),(113,'exam_name','exam name','???????? ???','nombre del examen','??? ????????','examen naam','???????? ???????','????','sinav adi','nome do exame','Vizsga neve','nom de l\'examen','?? ???','Pr','nome dell\'esame','???????','?????? ?? ???','??????? ?? ???','ipsum nomen,','Nama ujian','???','?? ??'),(114,'date','date','?????','fecha','?????','datum','????','??','tarih','data','d','date','?','Datum','data','??????','?????','?????','date','tanggal','??','??'),(115,'comment','comment','???????','comentario','?????','commentaar','???????????','??','yorum','coment','megjegyz','commentaire','s?????','Kommentar','commento','????????','?????','???????','comment','komentar','????','??'),(116,'edit_exam','edit exam','???????? ???????','examen de edici','?????? ?????','bewerk examen','??????? ???????','????','edit sinavi','edi','szerkeszt','modifier examen','edit e?et?se??','edit Pr','modifica esame','???????????','????? ??????','??????? ???????','edit ipsum','mengedit ujian','????','?? ??'),(117,'manage_exam_marks','manage exam marks','??????? ????? ? ????????','gestionar marcas de examen','????? ?????? ????????','beheren examencijfers','????????? ??????????????? ???????','?????','sinav isaretleri y','gerenciar marcas exame','kezelni vizsga jelek','g','d?a?e???s? t?? s?','Pr','gestire i voti degli esami','????????????????????','?????? ?? ?????? ?? ??????','??????? ?? ????? ?? ???????','ipsum curo indicia','mengelola nilai ujian','????????','?? ??? ??'),(118,'manage_marks','manage marks','????? ? ????????','gestionar marcas','????? ??????','beheren merken','????????? ?????','????','isaretleri y','gerenciar marcas','kezelni jelek','g','d?a?e???s? t?? s?','Markierungen verwalten','gestire i marchi','?????????????????','?????? ?? ??????','????? ?? ???????','curo indicia','mengelola tanda','??????','??? ??'),(119,'select_exam','select exam','???????? ????????','seleccione examen','??? ????????','selecteer examen','??????? ???????','????','sinavi se','selecionar exame','v','s','ep????te e?et?se??','Pr','seleziona esame','????????','?????? ????? ????','??????? ?? ???','velit ipsum','pilih ujian','?????','??? ??'),(120,'select_class','select class','???? ????????','seleccione clase','??? ???','selecteren klasse','??????? ?????','??????','sinif se','selecionar classe','v','s','?p????te ?at?????a','Klasse w','seleziona classe','?????????','???? ????? ????','???? ?? ??? ????','genus eligere,','pilih kelas','??????','???? ??'),(121,'select_subject','select subject','????? ???????? ????','seleccione tema','??? ???????','Selecteer onderwerp','???????? ????','????','konu se','selecionar assunto','V','s','ep????te ??','Thema w','seleziona argomento','???????????','????? ????? ????','???? ?? ???','eligere subditos','pilih subjek','?????','??? ??'),(122,'select_an_exam','select an exam','???? ??????? ????????','seleccione un examen','??? ????????','selecteer een examen','??????? ???????','????','Bir sinav se','selecionar um exame','v','s','ep????te ','W','selezionare un esame','????????','?????? ????? ????','?? ??????? ?? ???','Eligebatur autem ipsum','pilih ujian','?????','??? ??'),(123,'mark_obtained','mark obtained','??????? ???????','calificaci','??????? ?????? ???','markeren verkregen','???????? ????????','???','isaretlemek elde','marca obtida','jel','marquer obtenu','s?','Markieren Sie erhalten','contrassegnare ottenuto','??????????????????????','???? ?? ????','??? ???????','attende obtinuit','menandai diperoleh','?????','?? ??'),(124,'attendance','attendance','????????','asistencia','??????','opkomst','????????????','??','katilim','comparecimento','r','pr','pa???s?a','Teilnahme','partecipazione','????????????','?????','????????','auscultant','kehadiran','??','??'),(125,'manage_grade','manage grade','????? ????????','gesti','????? ????','beheren leerjaar','????????? ?????','???','notu y','gerenciar grau','kezelni fokozat','g','d?a?e???s? p???t?ta?','Klasse verwalten','gestione grade','??????????','???? ?? ??????','????? ?? ???????','moderari gradu','mengelola kelas','???????','?? ??'),(126,'grade_list','grade list','????? ??????','Lista de grado','????? ????','cijferlijst','?????? ??????','????','sinif listesi','lista grau','fokozat lista','liste de qualit','??sta ','Notenliste','elenco grade','??????????','???? ?????','????? ?? ????','gradus album','daftar kelas','??????','?? ??'),(127,'add_grade','add grade','????? ??? ????','a','????? ????','voeg leerjaar','???????? ?????','???','not eklemek','adicionar grau','hozz','ajouter note','p??s???? ','Klasse hinzuf','aggiungere grade','?????????','???? ??? ???? ????','????? ????','adde gradum,','menambahkan kelas','???????','??? ??'),(128,'grade_name','grade name','????? ???','Nombre de grado','??? ????','rangnaam','???????? ?????','????','sinif adi','nome da classe','fokozat n','nom de la cat','???','Klasse Name','nome del grado','????????','???? ???','????? ?? ???','nomen, gradus,','nama kelas','?????','?? ??'),(129,'grade_point','grade point','????? ???????','de calificaciones','??????','rangpunt','????','??','not','ponto de classe','fokozat','cumulative','','Noten','punto di grado','???????','???? ??????','????? ?????','gradus punctum','indeks prestasi','?????','??'),(130,'mark_from','mark from','????? ????','marca de','????? ??','mark uit','???? ??','???','mark dan','marca de','jel','marque de','s?','Marke aus','segno da','??????????????','???? ??','????? ??','marcam','mark dari','?????','???'),(131,'mark_upto','mark upto','??????? ???????','marcar hasta','??????? ???','mark tot','???????? ??','????','kadar isaretlemek','marcar at','jel','marquer jusqu\'','s?','Markieren Sie bis zu','contrassegnare fino a','?????????????????','?? ?? ????','?? ???????','Genitus est notare','menandai upto','???????','???'),(132,'edit_grade','edit grade','???????? ?????','edit grado','????? ????','Cijfer bewerken','??????? ??????','????','edit notu','edi','szerkeszt','edit qualit','edit ','edit Grad','modifica grade','?????????','????? ????','??????? ?????','edit gradu','mengedit kelas','??????','?? ??'),(133,'manage_class_routine','manage class routine','??????? ????? ????????','gestionar rutina de la clase','????? ?????? ?????????','beheren klasroutine','????????? ?????? ??????','?????','sinif rutin y','gerenciar rotina classe','kezelni class rutin','g','d?a?e??????ta? t??? ???t??a','verwalten Klasse Routine','gestione classe di routine','?????????????????????????','???? ????? ?? ??????','???? ???????? ?? ???????','uno in genere tractare','mengelola rutinitas kelas','??????????','??? ???? ??'),(134,'class_routine_list','class routine list','??????? ????? ??????','clase de lista de rutina','????? ????????? ??????','klasroutine lijst','????? ?????? ??????','??????','sinif rutin listesi','classe de lista de rotina','oszt','classe liste routine','???s? list ???t??a?','Klasse Routine Liste','classe lista di routine','???????????????','???? ????? ?? ????? ?????','???? ???????? ????','uno genere album','Daftar rutin kelas','?????????','??? ?? ??'),(135,'add_class_routine','add class routine','??????? ????? ?????','a','????? ??? ?????????','voeg klasroutine','???????? ???????????? ??????','?????','sinif rutin eklemek','adicionar rotina classe','hozz','ajouter routine de classe','p??s??sete t??? ???t??a','Klasse hinzuf','aggiungere classe di routine','?????????????????','???? ????? ??? ???? ????','???? ???????? ????','adde genus moris','menambahkan rutin kelas','???','??? ??? ??'),(136,'day','day','???','d','???','dag','????','?','g','dia','nap','jour','?','Tag','giorno','???','??','???','die,','hari','?','?'),(137,'starting_time','starting time','?????? ????','tiempo de inicio','???? ?????','starttijd','????? ??????','????','baslangi','tempo come','ind','temps de d','??a ??a????','Startzeit','tempo di avviamento','????????????','??? ???? ????','??? ?? ?????? ??','tum satus','waktu mulai','????','?? ??'),(138,'ending_time','ending time','???? ???','hora de finalizaci','????? ??????','eindtijd','????? ?????????','????','bitis zamanini','tempo final','befejez','heure de fin','??a ?????','Endzeit','ora finale','???????????','??? ???','??? ?????? ???? ??','et finis temporis,','akhir waktu','????','?? ??'),(139,'edit_class_routine','edit class routine','???????? ????? ?????','rutina de la clase de edici','?????? ????? ?????????','bewerk klasroutine','????????? ?????????????? ?????','?????','sinif d','rotina de edi','szerkeszt','routine modifier de classe','edit t??? ???t??a','edit Klasse Routine','modifica della classe di routine','?????????????????????','????? ???? ?????','??????? ???? ????????','edit uno genere','rutin mengedit kelas','??????????','?? ??? ??'),(140,'manage_invoice/payment','manage invoice/payment','????? / ??????? ????????','gestionar factura / pago','????? ?????? / ???','beheren factuur / betaling','????????? ????? / ??????','????/??','fatura / ','gerenciar fatura / pagamento','kezelni sz','g','d?a?e???s? t?','Verwaltung Rechnung / Zahlung','gestione fattura / pagamento','???????????????? / ???????????','?????? / ??????? ?? ??????','????? / ?????? ?? ???????','curo cautionem / solutionem','mengelola tagihan / pembayaran','???/????','???? / ?? ??'),(141,'invoice/payment_list','invoice/payment list','????? / ??????? ??????','lista de facturas / pagos','????? ?????? / ???','factuur / betaling lijst','?????? ????? / ??????','??/????','fatura / ','lista de fatura / pagamento','sz','liste facture / paiement','??sta t?','Rechnung / Zahlungsliste','elenco fattura / pagamento','???????????????? / ???????????','?????? / ??????? ?? ?????','????? / ?????? ????','cautionem / list pretium','daftar tagihan / pembayaran','???/????','???? / ?????'),(142,'add_invoice/payment','add invoice/payment','????? / ??????? ???','a','????? ?????? / ???','voeg factuur / betaling','???????? ????? / ??????','????/??','fatura / ','adicionar factura / pagamento','hozz','ajouter facture / paiement','p??s???? t?','hinzuf','aggiungere fatturazione / pagamento','??????????????? / ???????????','?????? / ??????? ????','????? / ?????? ??????','add cautionem / solutionem','menambahkan tagihan / pembayaran','???/?????','?? / ??? ??'),(143,'title','title','?????','t','???','titel','????????','??','baslik','t','c','titre','t?t???','Titel','titolo','??????????','?????','??????','title','judul','????','??'),(144,'description','description','?????','descripci','???','beschrijving','????????','??','tanim','descri','le','description','pe????af?','Beschreibung','descrizione','??????','?????','?????','description','deskripsi','??','??'),(145,'amount','amount','??????','cantidad','????','bedrag','??????????','?','miktar','quantidade','mennyis','montant','p?s?','Menge','importo','?????','???','????','tantum','jumlah','?','?'),(146,'status','status','??????','estado','????','toestand','??????','??','durum','estado','','statut','?at?stas?','Status','stato','?????','????','??????','status','status','?????','??'),(147,'view_invoice','view invoice','????? ?????','vista de la factura','??? ????????','view factuur','??? ?????-???????','????','view fatura','vista da fatura','view sz','vue facture','p??','Ansicht Rechnung','vista fattura','????????????','?????? ??????','????? ?????','propter cautionem','lihat faktur','??????','?? ??'),(148,'paid','paid','??????','pagado','?????','betaald','??????????','??','','pago','fizetett','pay','?ata','bezahlt','pagato','????????','??? ???','???????','solutis','dibayar','?????','??'),(149,'unpaid','unpaid','???????','no pagado','??? ?????','onbetaald','????????????','??','','n','kifizetetlen','non r','ap????t?','unbezahlt','non pagato','?????????????','??? ??????','???????','non est constitutus,','dibayar','???','???? ??'),(150,'add_invoice','add invoice','????? ???','a','????? ????????','voeg factuur','???????? ????','????','faturayi eklemek','adicionar fatura','hozz','ajouter facture','p??s??ste t?','Rechnung hinzuf','aggiungere fattura','???????????????','?????? ??? ????','????? ????','add cautionem','menambahkan faktur','??????','??? ??'),(151,'payment_to','payment to','???????','pago a','??? ?','betaling aan','??????','??','i','pagamento','fizet','paiement','p????','Zahlung an','pagamento','??????????????','???????','?? ??????','pecunia','pembayaran kepada','?????','? ??'),(152,'bill_to','bill to','???','proyecto de ley para','????? ????? ?','wetsvoorstel om','???????????? ?','??','bill','projeto de lei para','t','projet de loi','??','Gesetzentwurf zur','disegno di legge per','???','??','??? ?? ???','latumque','RUU untuk','????','??'),(153,'invoice_title','invoice title','????? ???????','T','????? ????????','factuur titel','???????? ?????','????','fatura baslik','t','sz','titre de la facture','??t??? t?','Rechnungs Titel','title fattura','??????????????','?????? ?????','????? ??????','title cautionem','judul faktur','????????','?? ??'),(154,'invoice_id','invoice id','????? ????','Identificaci','?????? ????','factuur id','????-??????? ID','????','fatura id','id fatura','sz','Identifiant facture','id t?','Rechnung-ID','fattura id','?????????????????','?????? ID','????? ????','id cautionem','faktur id','???ID','?? ID'),(155,'edit_invoice','edit invoice','???????? ?????','edit factura','????? ????????','bewerk factuur','?????????????? ?????-???????','????','edit fatura','edi','szerkeszt','modifier la facture','edit t?','edit Rechnung','modifica fattura','???????????????','????? ??????','??????? ?????','edit cautionem','mengedit faktur','?????','?? ??'),(156,'manage_library_books','manage library books','?????????? ?? ? ????????','gestionar libros de la biblioteca','????? ????? ?????','beheren bibliotheekboeken','????????? ???????????? ?????','????','kitaplari k','gerenciar os livros da biblioteca','kezelni k','g','d?a?e???ste?te ta ','B','gestire i libri della biblioteca','???????????????????????','??? ???? ?? ?????? ????','????????? ?? ???????? ?? ???????','curo bibliotheca librorum,','mengelola buku perpustakaan','????????','??? ? ??'),(157,'book_list','book list','???????????','lista de libros','????? ?????','boekenlijst','?????? ????','??','kitap listesi','lista de livros','book lista','liste de livres','??sta ','Buchliste','elenco libri','???????????????','???? ?? ?????','?????? ????','album','daftar buku','??????','?? ??'),(158,'add_book','add book','?? ???','A','????? ????','boek toevoegen','???????? ?????','???','kitap eklemek','adicionar livro','K','ajouter livre','p??s??ste t? ','Buch hinzuf','aggiungere il libro','????????????','???? ????','?????? ????','adde libri','menambahkan buku','????','?? ??'),(159,'book_name','book name','?????? ???','Nombre del libro','??? ??????','boeknaam','???????? ?????','??','kitap adi','nome livro','book n','nom de livre','t? ???','Buchnamen','nome del libro','???????????','???? ?? ???','????? ?? ???','librum nomine','nama buku','????','? ??'),(160,'author','author','????','autor','??????','auteur','?????','??','yazar','autor','szerzo','auteur','s????af?a?','Autor','autore','????????','????','????','auctor','penulis','??','??'),(161,'price','price','???','precio','?????','prijs','????','??','fiyat','pre','','prix','t?','Preis','prezzo','????','????','????','price','harga','??','??'),(162,'available','available','??????','disponible','????','beschikbaar','?????????','???','mevcut','dispon','rendelkez','disponible','d?a??s?','verf','disponibile','????????????','??????','??????','available','tersedia','?????','???'),(163,'unavailable','unavailable','????????','indisponible','??? ????','niet beschikbaar','??????????','???','yok','indispon','','indisponible','d?a??s?','nicht verf','non disponibile','?????','?????? ????','????????','unavailable','tidak tersedia','??????','??'),(164,'edit_book','edit book','???????? ??','libro de edici','???? ?????','bewerk boek','??????? ?????','????','edit kitap','edi','edit k','edit livre','epe?e??aste?te t? ','edit Buch','modifica book','????????????','????? ????','??????? ??????','edit Liber','mengedit buku','????','?? ?'),(165,'manage_transport','manage transport','?????? ? ????????','gestionar el transporte','????? ?????','beheren van vervoerssystemen','????????? ???????????','????','ulasim y','gerenciar o transporte','kezelni a k','la gestion du transport','d?a?e???s? t?? ','Transport verwalten','gestire i trasporti','?????????????????','??? ? ??? ?? ??????','?????? ?? ???????','curo onerariis','mengelola transportasi','?????','?? ??'),(166,'transport_list','transport list','?????? ??????','Lista de transportes','????? ?????','lijst vervoer','???? ?????????','????','tasima listesi','Lista de transportes','sz','liste de transport','??sta t?? ','Transportliste','elenco trasporti','??????????????','??? ? ??? ?? ?????','?????? ????','turpis album','daftar transport','????','?? ??'),(167,'add_transport','add transport','?????? ??? ????','a','????? ?????','voeg vervoer','???????? ?????????','????','tasima ekle','adicionar transporte','hozz','ajouter transports','p??s??ste ','add-Transport','aggiungere il trasporto','?????????????','??? ? ??? ????','?????? ????','adde onerariis','tambahkan transportasi','??????????','??? ??'),(168,'route_name','route name','??? ???','nombre de la ruta','??? ?????','naam van de route','??? ???????','????','rota ismi','nome da rota','','nom de la route','???','Routennamen','nome del percorso','???????????','????? ???','????? ?? ???','iter nomine','Nama rute','??????','?? ??'),(169,'number_of_vehicle','number of vehicle','?????? ??????','n','??? ?? ????????','aantal voertuigkilometers','?????????? ??????????','?????','Aracin sayisi','n','sz','nombre de v','a???','Anzahl der Fahrzeug','numero di veicolo','????????????????','???? ?? ?????','???? ?? ??????','de numero scilicet vehiculum','jumlah kendaraan','????','??? ?'),(170,'route_fare','route fare','??? ?????','ruta hacer','?????? ????','route doen','??????? ??????','???','yol yapmak','rota fazer','','itin','d?ad??','Route zu tun','r','?????????','????? ????','????? ????','iter faciunt,','rute lakukan','????','??? ?'),(171,'edit_transport','edit transport','???????? ??????','transporte de edici','????? ?????','vervoer bewerken','??????? ?????????','????','edit ulasim','edi','szerkeszt','transport modifier','edit ','edit Transport','modifica dei trasporti','?????????????','????? ??? ? ???','??????? ??????','edit onerariis','mengedit transportasi','????','?? ??'),(172,'manage_dormitory','manage dormitory','??????? ? ????????','gestionar dormitorio','????? ????','beheren slaapzaal','????????? ?????????','????','yurt y','gerenciar dormit','kezelni koll','g','d?a?e???s? ???t??a','Schlafsaal verwalten','gestione dormitorio','???????????','??????? ?? ??????','????????? ?? ???????','curo dormitorio','mengelola asrama','????','???? ??'),(173,'dormitory_list','dormitory list','??????? ??????','lista dormitorio','????? ????','slaapzaal lijst','?????? ?????????','????','yurt listesi','lista dormit','koll','liste de dortoir','??sta ???t??a','Schlafsaal Liste','elenco dormitorio','????????????','??????? ?????','????????? ????','dormitorium album','daftar asrama','?????','??? ??'),(174,'add_dormitory','add dormitory','??????? ???','a','????? ????','voeg slaapzaal','???????? ?????????','????','yurt ekle','adicionar dormit','hozz','ajouter dortoir','p??s???? ???t??a','Schlaf hinzuf','aggiungere dormitorio','??????????','??????? ????','????????? ????','adde dormitorio','menambahkan asrama','????','???? ??'),(175,'dormitory_name','dormitory name','??????? ???','Nombre del dormitorio','??? ??????','slaapzaal naam','??? ?????????','???','yurt adi','nome dormit','koll','nom de dortoir','???','Schlaf Namen','Nome dormitorio','?????????','??????? ???','????????? ???','dormitorium nomine','Nama asrama','??','??? ??'),(176,'number_of_room','number of room','???? ??????','n','??? ?????','aantal kamer','????? ???????','????','oda sayisi','n','sz','nombre de salle','t?? a???','Anzahl der Zimmer','numero delle camera','????????????','???? ?? ?????','???? ?? ??????','numerus locus','Jumlah kamar','????','?? ?'),(177,'manage_noticeboard','manage noticeboard','?????????? ????????','gestionar tabl','????? ???????','beheren prikbord','????????? ????? ??????????','????','Noticeboard y','gerenciar avisos','kezelni ','g','d?a?e???s? a?a?????se??','Brett verwalten','gestione bacheca','????????????????','noticeboard ?? ??????','Noticeboard ?? ???????','curo noticeboard','mengelola pengumuman','??????','? noticeboard ??'),(178,'noticeboard_list','noticeboard list','?????????? ??????','tabl','????? ???????','prikbord lijst','?????? ????? ??? ??????????','????','noticeboard listesi','lista de avisos','','liste de panneau d\'affichage','??sta a?a?????se??','Brett-Liste','elenco bacheca','????????????????','noticeboard ?????','Noticeboard ????','noticeboard album','daftar pengumuman','?????','? noticeboard ??'),(179,'add_noticeboard','add noticeboard','?????????? ???','a','????? ???????','voeg prikbord','???????? ????? ??????????','????','Noticeboard ekle','adicionar avisos','hozz','ajouter panneau d\'affichage','p??s???? a?a?????se??','Brett hinzuf','aggiungere bacheca','???????????????','noticeboard ????','Noticeboard ????','adde noticeboard','menambahkan pengumuman','??????','? noticeboard ??'),(180,'notice','notice','?????????','aviso','?????','kennisgeving','???????????','??','uyari','aviso','','d','e?d?p???s?','Bekanntmachung','avviso','???????????','????','?????','Observa','pemberitahuan','??','??'),(181,'add_notice','add notice','????? ??? ????','a','????? ?????','voeg bericht','???????? ???????????','????','haber ekle','adicionar aviso','hozz','ajouter un avis','p??s??ste a?a?????s?','Hinweis hinzuf','aggiungere preavviso','????????????????????????','???? ?? ????? ????','????? ????','addunt et titulum','tambahkan pemberitahuan','?????','??? ??'),(182,'edit_noticeboard','edit noticeboard','???????? ??????????','edit tabl','????? ???????','bewerk prikbord','??????? ????? ??? ??????????','????','edit noticeboard','edi','szerkeszt','modifier panneau d\'affichage','edit a?a?????se??','Brett bearbeiten','modifica bacheca','???????????????','??? ????? ???? noticeboard','??????? Noticeboard','edit noticeboard','mengedit pengumuman','?????','??? noticeboard'),(183,'system_name','system name','????????? ???','Nombre del sistema','??? ??????','Name System','??? ???????','????','sistemi adi','nome do sistema','rendszer neve','nom du syst','???','Systemnamen','nome del sistema','????????','???? ?? ???','?????? ???','ratio nominis','Nama sistem','?????','??? ??'),(184,'save','save','?????','guardar','???','besparen','?????????','??','kurtarmak','salvar','kiv','sauver','e?t??','sparen','salvare','???????','?? ????? ??','?????','salvum','menyimpan','??','??'),(185,'system_title','system title','??????? ???????','T','????? ??????','systeem titel','???????? ???????','????','Sistem baslik','t','rendszer c','titre du syst','??t??? t?? s?st?','System-Titel','titolo di sistema','????????','???? ?????','?????? ??????','ratio title','title sistem','?????????','??? ??'),(186,'paypal_email','paypal email','PayPal ?????','paypal email','??? ??? ?????? ??????????','paypal e-mail','PayPal ?? ??????????? ?????','PayPal????','paypal e-posta','paypal e-mail','paypal email','paypal email','paypal ??e?t?????? ta??d??','paypal E-Mail','paypal-mail','paypal ??????','?? ??? ?? ???','????? ????','Paypal email','email paypal','Paypal????','??? ???'),(187,'currency','currency','??????','moneda','????','valuta','??????','??','para','moeda','valuta','monnaie','??','W','valuta','???????','?????','??????','currency','mata uang','??','??'),(188,'phrase_list','phrase list','????? ??????','lista de frases','????? ????','zinnenlijst','?????? ?????','????','ifade listesi','lista de frases','kifejez','liste de phrase','??sta f??s?','Phrasenliste','elenco frasi','?????????','???? ?????','???????? ????','dicitur album','Daftar frase','???????','?? ??'),(189,'add_phrase','add phrase','????????? ?????','a','????? ?????','voeg zin','???????? ?????','????','ifade eklemek','adicionar frase','adjunk kifejez','ajouter la phrase','p??s??ste f??s?','Begriff hinzuf','aggiungere la frase','????????','???? ????','???????? ??????','addere phrase','menambahkan frase','???????','??? ??'),(190,'add_language','add language','???? ?????','a','????? ???','add taal','???????? ????','????','dil ekle','adicionar l','nyelv hozz','ajouter la langue','p??s??ste ???ssa','Sprache hinzuf','aggiungere la lingua','?????????','???? ?? ????','???? ??????','addere verbis','menambahkan bahasa','?????','??? ??'),(191,'phrase','phrase','?????','frase','???????','frase','?????','??','ifade','frase','kifejez','phrase','f??s?','Ausdruck','frase','???','????','????????','phrase','frasa','????','?'),(192,'manage_backup_restore','manage backup restore','??????? ?????????? ? ????????','gestionar copias de seguridad a restaurar','????? ??????? ????? ?????????','beheer van back-up herstellen','????????? ???????????? ?????????? ???????????','??????','yedekleme geri y','gerenciar o backup de restaura','kezelni a biztons','g','d?a?e???s? epa?af???? a?t????f?? asfa?e?a?','verwalten Backup wiederherstellen','gestire il ripristino di backup','????????????????????????????','??? ?? ???? ??????','????? ???? ?? ???????','curo tergum restituunt','mengelola backup restore','??????????????','?? ?? ??'),(193,'restore','restore','?????????? ???','restaurar','???????','herstellen','??????????????','??','geri','restaurar','visszaad','restaurer','epa?af??ete','wiederherstellen','ripristinare','??????','????','????','reddite','mengembalikan','????','??'),(194,'mark','mark','???','marca','?????','mark','????','??','isaret','marca','jel','marque','s?','Marke','marchio','???????????','????','?????','Marcus','tanda','???','?'),(195,'grade','grade','?????','grado','????','graad','?????','??','sinif','grau','fokozat','grade','','Klasse','grado','????','????','?????','gradus,','kelas','????','??'),(196,'invoice','invoice','?????','factura','??????','factuur','????-???????','??','fatura','fatura','sz','facture','t?','Rechnung','fattura','?????????????','??????','????','cautionem','faktur','?????','??'),(197,'book','book','??','libro','????','boek','?????','?','kitap','livro','k','livre','','Buch','libro','???????','????','?????','Liber','buku','?','?'),(198,'all','all','??','todo','??','alle','???','??','t','tudo','minden','tout','??a','alle','tutto','???????','????','??','omnes','semua','???','??'),(199,'upload_&_restore_from_backup','upload & restore from backup','????? &amp; ??????? ???? ??????????','cargar y restaurar copia de seguridad','????? ???????? ?? ?????? ??????????','uploaden en terugzetten van een backup','????????? ? ???????????? ?? ????????? ?????','?????????','y','fazer upload e restaura','felt','t','a?e','Upload &amp; Wiederherstellung von Backups','caricare e ripristinare dal backup','???????????????????????????????????','?? ??? ???? ??? ??? ?? ?? ????','????? ?? ????? ?? ????','restituo ex tergum upload,','meng-upload &amp; restore dari backup','??????&??????????','??? ? ???? ??'),(200,'manage_profile','manage profile','????????? ????????','gestionar el perfil','????? ????? ??????','te beheren!','????????? ????????','??????','profilini y','gerenciar o perfil','Profil kezel','g','d?a?e???ste?te t? p??f??','Profil verwalten','gestire il profilo','????????????????','??????? ?? ??? ????','???????? ?? ???????','curo profile','mengelola profil','??????(????)???','??? (? ??) ??'),(201,'update_profile','update profile','???????? ?????','actualizar el perfil','????? ????? ??????','Profiel bijwerken','???????? ???????','??????','profilinizi g','atualizar o perfil','friss','mettre ','e??','Profil aktualisieren','aggiornare il profilo','?????????????','??????? ?? ?? ???','????????? ?????','magna eget ipsum','memperbarui profil','?????????','???? ????'),(202,'new_password','new password','???? ??????????','nueva contrase','???? ???? ?????','nieuw wachtwoord','????? ??????','???','Yeni sifre','nova senha','','nouveau mot de passe','??? ??d???','Neues Passwort','nuova password','????????????','??? ??? ???','??? ???????','novum password','kata sandi baru','????????','? ??'),(203,'confirm_new_password','confirm new password','???? ?????????? ??????? ????','confirmar nueva contrase','????? ???? ?????? ???????','Bevestig nieuw wachtwoord','??????????? ????? ??????','?????','yeni parolayi onaylayin','confirmar nova senha','eros','confirmer le nouveau mot de passe','ep?','Best','conferma la nuova password','??????????????????','??? ??? ??? ?? ?????','?? ??????? ?? ??????','confirma novum password','konfirmasi password baru','???????????','? ??? ?????'),(204,'update_password','update password','?????????? ?????','actualizar la contrase','????? ???? ????','updaten wachtwoord','???????? ??????','????','Parolanizi g','atualizar senha','friss','mettre ','e??','Kennwort aktualisieren','aggiornare la password','????????????????','??? ?? ???','??????? ??????','scelerisque eget','memperbarui sandi','????????','??? ????'),(205,'teacher_dashboard','teacher dashboard','?????? ??????????','tablero maestro','???? ????? ?????? ??????','leraar dashboard','??????? ????????? ??????','?????','','dashboard professor','tan','enseignant tableau de bord','ta','Lehrer-Dashboard','dashboard insegnante','?????????','????? ??? ????','?????? ????????','magister Dashboard','dashboard guru','??????????','?? ?? ??'),(206,'backup_restore_help','backup restore help','??????? ?????????? ???????','copia de seguridad restaurar ayuda','??????? ????? ????????? ????????','backup helpen herstellen','???????????? ????????? ????? ??????','???????','yedekleme yardim geri','de backup restaurar ajuda','Backup Restore seg','restauration de sauvegarde de l\'aide','epa?af???? a?t????f?? asfa?e?a? ','Backup wiederherstellen Hilfe','Backup Restore aiuto','???????????????????????????????????','??? ?? ?? ??? ????','????? ??? ????','auxilium tergum restituunt','backup restore bantuan','????????????','?? ??? ??'),(207,'student_dashboard','student dashboard','????? ??????????','salpicadero estudiante','???? ??????? ????????','student dashboard','??????? ????????? ??????','??????','','dashboard estudante','tanul','tableau de bord de l\'','ta','Sch','studente dashboard','?????????????????','???? ??? ?? ??? ????','????? ????????','Discipulus Dashboard','dashboard mahasiswa','??????????','?? ?? ??'),(208,'parent_dashboard','parent dashboard','??????? ??????????','salpicadero padres','???? ????? ?????? ????','ouder dashboard','???????? ????????? ??????','?????','ebeveyn kontrol paneli','dashboard pai','sz','parent tableau de bord','','Mutter Armaturenbrett','dashboard genitore','?????????????????????','?????? ?? ??? ????','???? - ???? ????????','Dashboard parent','orangtua dashboard','?????','?? ?? ??'),(209,'view_marks','view marks','????? ?????','Vista marcas','?????? ???','view merken','??? ?????','????','g','vista marcas','view jelek','Vue marques','s?','Ansicht Marken','Vista marchi','?????????????????','?????? ??????','????? ?? ?????','propter signa','lihat tanda','??????','?? ??'),(210,'delete_language','delete language','???? ?????','eliminar el lenguaje','??? ?????','verwijderen taal','??????? ????','????','dili silme','excluir l','t','supprimer la langue','d?a??af? ???ssa','Sprache l','eliminare lingua','??????','???? ?? ???? ?? ???','???? ?? ?????','linguam turpis','menghapus bahasa','???????','??? ??'),(211,'settings_updated','settings updated','?????? ?????','configuraci','????????? ???????','instellingen bijgewerkt','????????? ?????????','????','ayarlari g','defini','be','param','???','Einstellungen aktualisiert','impostazioni aggiornate','?????????????????????','??????? ?? ???? ????','???????? ??????','venenatis eu','pengaturan diperbarui','?????','??? ????'),(212,'update_phrase','update phrase','????? ?????','actualizaci','????? ???????','Update zin','?????????? ?????','????','g','atualiza','friss','mise ','e??','Update Begriff','aggiornamento frase','???????????','?? ??? ????','?????? ????????','eget dictum','frase pembaruan','??????','???? ??'),(213,'login_failed','login failed','???? ?????? ??????','Error de acceso','??? ????? ??????','inloggen is mislukt','?????? ?????','????','giris basarisiz oldu','Falha no login','bejelentkez','','??s?d?? ap?t??e','Fehler bei der Anmeldung','Accesso non riuscito','??????????????????','??? ?? ?????','????? ????','tincidunt defecit','Login gagal','???????????','??? ??'),(214,'live_chat','live chat','???? ?????','chat en vivo','??????? ?????','live chat','??????-???','????','canli sohbet','chat ao vivo','','chat en direct','live chat','Live-Chat','live chat','?????????','????? ???','???? ???','Vivamus nibh','live chat','???????','??? ??'),(215,'client 1','client 1','???????????? 1','cliente 1','?????? 1','client 1','?????? 1','???1','istemcisi 1','cliente 1','','client 1','pe??t? 1','Client 1','client 1','?????? 1','?????? 1','?????? 1','I huius','client 1','??????1','????? 1'),(216,'buyer','buyer','??????','comprador','????','koper','??????????','??','alici','comprador','vevo','acheteur','a???ast??','K','compratore','???????','??????','???????','qui emit,','pembeli','????','???'),(217,'purchase_code','purchase code','????? ???','c','??? ??????','aankoop code','??????? ???','????','satin alma kodu','c','v','code d\'achat','??d???? a????','Kauf-Code','codice di acquisto','???????????????','??????? ?? ???','???? ???','Mauris euismod','kode pembelian','?????','?? ??'),(218,'system_email','system email','??????? ?????','correo electr','???? ?????? ??????????','systeem e-mail','??????? ??????????? ?????','????','sistem e-posta','e-mail do sistema','a rendszer az e-mail','email de syst','e-mail s?st?','E-Mail-System','email sistema','??????????','???? ?? ?? ???','??????? ????','Praesent sit amet','email sistem','??????????','??? ?? ??'),(219,'option','option','??????','opci','????','optie','???????','??','se','op','opci','option','ep?????','Option','opzione','???????????','????','??????','optio','pilihan','?????','???'),(220,'edit_phrase','edit phrase','???????? ?????','edit frase','????? ???????','bewerk zin','??????? ?????','???','edit ifade','edi','szerkeszt','modifier phrase','edit f??s?','edit Begriff','modifica frase','????????','????? ?? ????','??????? ????????','edit phrase','mengedit frase','??????','?? ?'),(221,'forgot_your_password','Forgot Your Password','','','','','','','','','','','','','','','','','','','',''),(222,'forgot_password','Forgot Password','','','','','','','','','','','','','','','','','','','',''),(223,'back_to_login','Back To Login','','','','','','','','','','','','','','','','','','','',''),(224,'return_to_login_page','Return to Login Page','','','','','','','','','','','','','','','','','','','',''),(225,'admit_student','Admit Student','','','','','','','','','','','','','','','','','','','',''),(226,'admit_bulk_student','Admit Bulk Student','','','','','','','','','','','','','','','','','','','',''),(227,'student_information','Student Information','','','','','','','','','','','','','','','','','','','',''),(228,'student_marksheet','Student Mark Sheet','','','','','','','','','','','','','','','','','','','',''),(229,'daily_attendance','Daily Attendance','','','','','','','','','','','','','','','','','','','',''),(230,'exam_grades','','','','','','','','','','','','','','','','','','','','',''),(231,'message','','','','','','','','','','','','','','','','','','','','',''),(232,'general_settings','','','','','','','','','','','','','','','','','','','','',''),(233,'language_settings','','','','','','','','','','','','','','','','','','','','',''),(234,'edit_profile','','','','','','','','','','','','','','','','','','','','',''),(235,'event_schedule','','','','','','','','','','','','','','','','','','','','',''),(236,'cancel','','','','','','','','','','','','','','','','','','','','',''),(237,'addmission_form','','','','','','','','','','','','','','','','','','','','',''),(238,'value_required','','','','','','','','','','','','','','','','','','','','',''),(239,'select','','','','','','','','','','','','','','','','','','','','',''),(240,'gender','','','','','','','','','','','','','','','','','','','','',''),(241,'add_bulk_student','','','','','','','','','','','','','','','','','','','','',''),(242,'student_bulk_add_form','','','','','','','','','','','','','','','','','','','','',''),(243,'select_excel_file','','','','','','','','','','','','','','','','','','','','',''),(244,'upload_and_import','','','','','','','','','','','','','','','','','','','','',''),(245,'manage_classes','','','','','','','','','','','','','','','','','','','','',''),(246,'manage_sections','','','','','','','','','','','','','','','','','','','','',''),(247,'add_new_teacher','','','','','','','','','','','','','','','','','','','','',''),(248,'section_name','','','','','','','','','','','','','','','','','','','','',''),(249,'nick_name','','','','','','','','','','','','','','','','','','','','',''),(250,'add_new_section','','','','','','','','','','','','','','','','','','','','',''),(251,'add_section','','','','','','','','','','','','','','','','','','','','',''),(252,'update','','','','','','','','','','','','','','','','','','','','',''),(253,'section','','','','','','','','','','','','','','','','','','','','',''),(254,'select_class_first','','','','','','','','','','','','','','','','','','','','',''),(255,'parent_information','','','','','','','','','','','','','','','','','','','','',''),(256,'relation','','','','','','','','','','','','','','','','','','','','',''),(257,'add_form','','','','','','','','','','','','','','','','','','','','',''),(258,'all_parents','','','','','','','','','','','','','','','','','','','','',''),(259,'parents','','','','','','','','','','','','','','','','','','','','',''),(260,'add_new_parent','','','','','','','','','','','','','','','','','','','','',''),(261,'add_new_student','','','','','','','','','','','','','','','','','','','','',''),(262,'all_students','','','','','','','','','','','','','','','','','','','','',''),(263,'view_marksheet','','','','','','','','','','','','','','','','','','','','',''),(264,'text_align','','','','','','','','','','','','','','','','','','','','',''),(265,'clickatell_username','','','','','','','','','','','','','','','','','','','','',''),(266,'clickatell_password','','','','','','','','','','','','','','','','','','','','',''),(267,'clickatell_api_id','','','','','','','','','','','','','','','','','','','','',''),(268,'sms_settings','','','','','','','','','','','','','','','','','','','','',''),(269,'data_updated','','','','','','','','','','','','','','','','','','','','',''),(270,'data_added_successfully','','','','','','','','','','','','','','','','','','','','',''),(271,'edit_notice','','','','','','','','','','','','','','','','','','','','',''),(272,'private_messaging','','','','','','','','','','','','','','','','','','','','',''),(273,'messages','','','','','','','','','','','','','','','','','','','','',''),(274,'new_message','','','','','','','','','','','','','','','','','','','','',''),(275,'write_new_message','','','','','','','','','','','','','','','','','','','','',''),(276,'recipient','','','','','','','','','','','','','','','','','','','','',''),(277,'select_a_user','','','','','','','','','','','','','','','','','','','','',''),(278,'write_your_message','','','','','','','','','','','','','','','','','','','','',''),(279,'send','','','','','','','','','','','','','','','','','','','','',''),(280,'current_password','','','','','','','','','','','','','','','','','','','','',''),(281,'exam_marks','','','','','','','','','','','','','','','','','','','','',''),(282,'marks_obtained','','','','','','','','','','','','','','','','','','','','',''),(283,'total_marks','','','','','','','','','','','','','','','','','','','','',''),(284,'comments','','','','','','','','','','','','','','','','','','','','',''),(285,'theme_settings','','','','','','','','','','','','','','','','','','','','',''),(286,'select_theme','','','','','','','','','','','','','','','','','','','','',''),(287,'theme_selected','','','','','','','','','','','','','','','','','','','','',''),(288,'language_list','','','','','','','','','','','','','','','','','','','','',''),(289,'payment_cancelled','','','','','','','','','','','','','','','','','','','','',''),(290,'study_material','','','','','','','','','','','','','','','','','','','','',''),(291,'download','','','','','','','','','','','','','','','','','','','','',''),(292,'select_a_theme_to_make_changes','','','','','','','','','','','','','','','','','','','','',''),(293,'manage_daily_attendance','','','','','','','','','','','','','','','','','','','','',''),(294,'select_date','','','','','','','','','','','','','','','','','','','','',''),(295,'select_month','','','','','','','','','','','','','','','','','','','','',''),(296,'select_year','','','','','','','','','','','','','','','','','','','','',''),(297,'manage_attendance','','','','','','','','','','','','','','','','','','','','',''),(298,'twilio_account','','','','','','','','','','','','','','','','','','','','',''),(299,'authentication_token','','','','','','','','','','','','','','','','','','','','',''),(300,'registered_phone_number','','','','','','','','','','','','','','','','','','','','',''),(301,'select_a_service','','','','','','','','','','','','','','','','','','','','',''),(302,'active','','','','','','','','','','','','','','','','','','','','',''),(303,'disable_sms_service','','','','','','','','','','','','','','','','','','','','',''),(304,'not_selected','','','','','','','','','','','','','','','','','','','','',''),(305,'disabled','','','','','','','','','','','','','','','','','','','','',''),(306,'present','','','','','','','','','','','','','','','','','','','','',''),(307,'absent','','','','','','','','','','','','','','','','','','','','',''),(308,'accounting','','','','','','','','','','','','','','','','','','','','',''),(309,'income','','','','','','','','','','','','','','','','','','','','',''),(310,'expense','','','','','','','','','','','','','','','','','','','','',''),(311,'incomes','','','','','','','','','','','','','','','','','','','','',''),(312,'invoice_informations','','','','','','','','','','','','','','','','','','','','',''),(313,'payment_informations','','','','','','','','','','','','','','','','','','','','',''),(314,'total','','','','','','','','','','','','','','','','','','','','',''),(315,'enter_total_amount','','','','','','','','','','','','','','','','','','','','',''),(316,'enter_payment_amount','','','','','','','','','','','','','','','','','','','','',''),(317,'payment_status','','','','','','','','','','','','','','','','','','','','',''),(318,'method','','','','','','','','','','','','','','','','','','','','',''),(319,'cash','','','','','','','','','','','','','','','','','','','','',''),(320,'check','','','','','','','','','','','','','','','','','','','','',''),(321,'card','','','','','','','','','','','','','','','','','','','','',''),(322,'data_deleted','','','','','','','','','','','','','','','','','','','','',''),(323,'total_amount','','','','','','','','','','','','','','','','','','','','',''),(324,'take_payment','','','','','','','','','','','','','','','','','','','','',''),(325,'payment_history','','','','','','','','','','','','','','','','','','','','',''),(326,'amount_paid','','','','','','','','','','','','','','','','','','','','',''),(327,'due','','','','','','','','','','','','','','','','','','','','',''),(328,'payment_successfull','','','','','','','','','','','','','','','','','','','','',''),(329,'creation_date','','','','','','','','','','','','','','','','','','','','',''),(330,'invoice_entries','','','','','','','','','','','','','','','','','','','','',''),(331,'paid_amount','','','','','','','','','','','','','','','','','','','','',''),(332,'send_sms_to_all','','','','','','','','','','','','','','','','','','','','',''),(333,'yes','','','','','','','','','','','','','','','','','','','','',''),(334,'no','','','','','','','','','','','','','','','','','','','','',''),(335,'activated','','','','','','','','','','','','','','','','','','','','',''),(336,'sms_service_not_activated','','','','','','','','','','','','','','','','','','','','',''),(337,'add_study_material','','','','','','','','','','','','','','','','','','','','',''),(338,'file','','','','','','','','','','','','','','','','','','','','',''),(339,'file_type','','','','','','','','','','','','','','','','','','','','',''),(340,'select_file_type','','','','','','','','','','','','','','','','','','','','',''),(341,'image','','','','','','','','','','','','','','','','','','','','',''),(342,'doc','','','','','','','','','','','','','','','','','','','','',''),(343,'pdf','','','','','','','','','','','','','','','','','','','','',''),(344,'excel','','','','','','','','','','','','','','','','','','','','',''),(345,'other','','','','','','','','','','','','','','','','','','','','',''),(346,'expenses','','','','','','','','','','','','','','','','','','','','',''),(347,'add_new_expense','','','','','','','','','','','','','','','','','','','','',''),(348,'add_expense','','','','','','','','','','','','','','','','','','','','',''),(349,'edit_expense','','','','','','','','','','','','','','','','','','','','',''),(350,'total_mark','','','','','','','','','','','','','','','','','','','','',''),(351,'send_marks_by_sms','','','','','','','','','','','','','','','','','','','','',''),(352,'send_marks','','','','','','','','','','','','','','','','','','','','',''),(353,'select_receiver','','','','','','','','','','','','','','','','','','','','',''),(354,'students','','','','','','','','','','','','','','','','','','','','',''),(355,'marks_of','','','','','','','','','','','','','','','','','','','','',''),(356,'for','','','','','','','','','','','','','','','','','','','','',''),(357,'message_sent','','','','','','','','','','','','','','','','','','','','',''),(358,'expense_category','','','','','','','','','','','','','','','','','','','','',''),(359,'add_new_expense_category','','','','','','','','','','','','','','','','','','','','',''),(360,'add_expense_category','','','','','','','','','','','','','','','','','','','','',''),(361,'category','','','','','','','','','','','','','','','','','','','','',''),(362,'select_expense_category','','','','','','','','','','','','','','','','','','','','',''),(363,'message_sent!','','','','','','','','','','','','','','','','','','','','',''),(364,'reply_message','','','','','','','','','','','','','','','','','','','','',''),(365,'account_updated','','','','','','','','','','','','','','','','','','','','',''),(366,'upload_logo','','','','','','','','','','','','','','','','','','','','',''),(367,'upload','Upload','','','','','','','','','','','','','','','','','','','',''),(368,'study_material_info_saved_successfuly','','','','','','','','','','','','','','','','','','','','',''),(369,'edit_study_material','','','','','','','','','','','','','','','','','','','','',''),(370,'default_theme','','','','','','','','','','','','','','','','','','','','',''),(371,'default','','','','','','','','','','','','','','','','','','','','',''),(372,'tabulation_sheet','','','','','','','','','','','','','','','','','','','','',''),(373,'create_student_payment','','','','','','','','','','','','','','','','','','','','',''),(374,'student_payments','','','','','','','','','','','','','','','','','','','','',''),(375,'update_product','','','','','','','','','','','','','','','','','','','','',''),(376,'install_update','','','','','','','','','','','','','','','','','','','','',''),(377,'transport_route','','','','','','','','','','','','','','','','','','','','',''),(378,'hour','','','','','','','','','','','','','','','','','','','','',''),(379,'minutes','','','','','','','','','','','','','','','','','','','','',''),(380,'password_updated','','','','','','','','','','','','','','','','','','','','',''),(381,'create_single_invoice','','','','','','','','','','','','','','','','','','','','',''),(382,'create_mass_invoice','','','','','','','','','','','','','','','','','','','','',''),(383,'update_marks','','','','','','','','','','','','','','','','','','','','',''),(384,'mark_sheet','','','','','','','','','','','','','','','','','','','','',''),(385,'service_is_disabled','','','','','','','','','','','','','','','','','','','','',''),(386,'view_tabulation_sheet','','','','','','','','','','','','','','','','','','','','',''),(387,'subjects','','','','','','','','','','','','','','','','','','','','',''),(388,'average_grade_point','','','','','','','','','','','','','','','','','','','','',''),(389,'print_tabulation_sheet','','','','','','','','','','','','','','','','','','','','',''),(390,'on','','','','','','','','','','','','','','','','','','','','',''),(391,'marksheet_for','','','','','','','','','','','','','','','','','','','','',''),(392,'print_marksheet','','','','','','','','','','','','','','','','','','','','',''),(393,'unpaid_invoices','','','','','','','','','','','','','','','','','','','','',''),(394,'select_all','','','','','','','','','','','','','','','','','','','','',''),(395,'select_none','','','','','','','','','','','','','','','','','','','','',''),(396,'update_p1rofile','','','','','','','','','','','','','','','','','','','','',''),(397,'Disabled in Demo','','','','','','','','','','','','','','','','','','','','',''),(398,'password_mismatch','','','','','','','','','','','','','','','','','','','','',''),(399,'change_password (Disabled in Demo)','','','','','','','','','','','','','','','','','','','','',''),(400,'edit (Disabled)','','','','','','','','','','','','','','','','','','','','',''),(401,'delete (Disabled)','','','','','','','','','','','','','','','','','','','','',''),(402,'edit (Disabled in Demo)','','','','','','','','','','','','','','','','','','','','',''),(403,'delete (Disabled in Demo)','','','','','','','','','','','','','','','','','','','','',''),(404,'edit (Disabled in demo)','','','','','','','','','','','','','','','','','','','','',''),(405,'delete (Disabled in demo)','','','','','','','','','','','','','','','','','','','','',''),(406,'edit (Disabled in demo)','','','','','','','','','','','','','','','','','','','','',''),(407,'delete (Disabled in demo)','','','','','','','','','','','','','','','','','','','','',''),(408,'edit (Disabled in demo)','','','','','','','','','','','','','','','','','','','','',''),(409,'delete (Disabled in demo)','','','','','','','','','','','','','','','','','','','','',''),(410,'edit (Disabled in demo)','','','','','','','','','','','','','','','','','','','','',''),(411,'delete (Disabled in demo)','','','','','','','','','','','','','','','','','','','','',''),(412,'hellp','','','','','','','','','','','','','','','','','','','','','');
/*!40000 ALTER TABLE `language` ENABLE KEYS */;
UNLOCK TABLES;

--
-- Table structure for table `mark`
--

DROP TABLE IF EXISTS `mark`;
/*!40101 SET @saved_cs_client     = @@character_set_client */;
/*!40101 SET character_set_client = utf8 */;
CREATE TABLE `mark` (
  `mark_id` int(11) NOT NULL AUTO_INCREMENT,
  `student_id` int(11) NOT NULL,
  `subject_id` int(11) NOT NULL,
  `class_id` int(11) NOT NULL,
  `exam_id` int(11) NOT NULL,
  `mark_obtained` int(11) NOT NULL DEFAULT '0',
  `mark_total` int(11) NOT NULL DEFAULT '100',
  `comment` longtext COLLATE utf8_unicode_ci NOT NULL,
  PRIMARY KEY (`mark_id`)
) ENGINE=InnoDB AUTO_INCREMENT=79 DEFAULT CHARSET=utf8 COLLATE=utf8_unicode_ci;
/*!40101 SET character_set_client = @saved_cs_client */;

--
-- Dumping data for table `mark`
--

LOCK TABLES `mark` WRITE;
/*!40000 ALTER TABLE `mark` DISABLE KEYS */;
INSERT INTO `mark` VALUES (1,1,1,1,1,92,100,'Very Good'),(2,1,2,1,1,80,100,'Good'),(3,1,3,1,1,45,100,'Study Hard'),(4,2,1,1,1,45,100,'comments here'),(5,3,1,1,1,65,100,'comments here'),(6,4,1,1,1,78,100,'comments here'),(7,5,1,1,1,45,100,'comments here'),(8,6,1,1,1,98,100,'comments here'),(9,7,1,1,1,87,100,'comments here'),(10,8,1,1,1,66,100,'comments here'),(11,9,1,1,1,78,100,'comments here'),(12,10,1,1,1,54,100,'comments here'),(13,11,1,1,1,95,100,'comments here'),(14,12,1,1,1,54,100,'comments here'),(15,13,1,1,1,77,100,'comments here'),(16,14,1,1,1,48,100,'comments here'),(17,15,1,1,1,98,100,'comments here'),(18,16,1,1,1,55,100,'comments here'),(19,17,1,1,1,55,100,'comments here'),(20,18,1,1,1,78,100,'comments here'),(21,19,1,1,1,57,100,'comments here'),(22,20,1,1,1,78,100,'comments here'),(23,21,1,1,1,56,100,'comments here'),(24,22,1,1,1,57,100,'comments here'),(25,23,1,1,1,84,100,'comments here'),(26,24,1,1,1,86,100,'comments here'),(27,25,1,1,1,75,100,'comments here'),(28,26,1,1,1,85,100,'comments here'),(29,2,2,1,1,90,100,'comments here'),(30,3,2,1,1,45,100,'comments here'),(31,4,2,1,1,65,100,'comments here'),(32,5,2,1,1,67,100,'comments here'),(33,6,2,1,1,43,100,'comments here'),(34,7,2,1,1,94,100,'comments here'),(35,8,2,1,1,93,100,'comments here'),(36,9,2,1,1,57,100,'comments here'),(37,10,2,1,1,84,100,'comments here'),(38,11,2,1,1,83,100,'comments here'),(39,12,2,1,1,67,100,'comments here'),(40,13,2,1,1,43,100,'comments here'),(41,14,2,1,1,94,100,'comments here'),(42,15,2,1,1,73,100,'comments here'),(43,16,2,1,1,84,100,'comments here'),(44,17,2,1,1,46,100,'comments here'),(45,18,2,1,1,84,100,'comments here'),(46,19,2,1,1,46,100,'comments here'),(47,20,2,1,1,81,100,'comments here'),(48,21,2,1,1,74,100,'comments here'),(49,22,2,1,1,46,100,'comments here'),(50,23,2,1,1,74,100,'comments here'),(51,24,2,1,1,84,100,'comments here'),(52,25,2,1,1,47,100,'comments here'),(53,26,2,1,1,67,100,'comments here'),(54,2,3,1,1,64,100,'comments here'),(55,3,3,1,1,45,100,'comments here'),(56,4,3,1,1,78,100,'comments here'),(57,5,3,1,1,65,100,'comments here'),(58,6,3,1,1,22,100,'comments here'),(59,7,3,1,1,82,100,'comments here'),(60,8,3,1,1,48,100,'comments here'),(61,9,3,1,1,87,100,'comments here'),(62,10,3,1,1,81,100,'comments here'),(63,11,3,1,1,73,100,'comments here'),(64,12,3,1,1,66,100,'comments here'),(65,13,3,1,1,63,100,'comments here'),(66,14,3,1,1,43,100,'comments here'),(67,15,3,1,1,85,100,'comments here'),(68,16,3,1,1,46,100,'comments here'),(69,17,3,1,1,81,100,'comments here'),(70,18,3,1,1,83,100,'comments here'),(71,19,3,1,1,43,100,'comments here'),(72,20,3,1,1,41,100,'comments here'),(73,21,3,1,1,61,100,'comments here'),(74,22,3,1,1,53,100,'comments here'),(75,23,3,1,1,66,100,'comments here'),(76,24,3,1,1,77,100,'comments here'),(77,25,3,1,1,74,100,'comments here'),(78,26,3,1,1,46,100,'comments here');
/*!40000 ALTER TABLE `mark` ENABLE KEYS */;
UNLOCK TABLES;

--
-- Table structure for table `message`
--

DROP TABLE IF EXISTS `message`;
/*!40101 SET @saved_cs_client     = @@character_set_client */;
/*!40101 SET character_set_client = utf8 */;
CREATE TABLE `message` (
  `message_id` int(11) NOT NULL AUTO_INCREMENT,
  `message_thread_code` longtext NOT NULL,
  `message` longtext NOT NULL,
  `sender` longtext NOT NULL,
  `timestamp` longtext NOT NULL,
  `read_status` int(11) NOT NULL DEFAULT '0' COMMENT '0 unread 1 read',
  PRIMARY KEY (`message_id`)
) ENGINE=MyISAM DEFAULT CHARSET=latin1;
/*!40101 SET character_set_client = @saved_cs_client */;

--
-- Dumping data for table `message`
--

LOCK TABLES `message` WRITE;
/*!40000 ALTER TABLE `message` DISABLE KEYS */;
/*!40000 ALTER TABLE `message` ENABLE KEYS */;
UNLOCK TABLES;

--
-- Table structure for table `message_thread`
--

DROP TABLE IF EXISTS `message_thread`;
/*!40101 SET @saved_cs_client     = @@character_set_client */;
/*!40101 SET character_set_client = utf8 */;
CREATE TABLE `message_thread` (
  `message_thread_id` int(11) NOT NULL AUTO_INCREMENT,
  `message_thread_code` longtext COLLATE utf8_unicode_ci NOT NULL,
  `sender` longtext COLLATE utf8_unicode_ci NOT NULL,
  `reciever` longtext COLLATE utf8_unicode_ci NOT NULL,
  `last_message_timestamp` longtext COLLATE utf8_unicode_ci NOT NULL,
  PRIMARY KEY (`message_thread_id`)
) ENGINE=InnoDB DEFAULT CHARSET=utf8 COLLATE=utf8_unicode_ci;
/*!40101 SET character_set_client = @saved_cs_client */;

--
-- Dumping data for table `message_thread`
--

LOCK TABLES `message_thread` WRITE;
/*!40000 ALTER TABLE `message_thread` DISABLE KEYS */;
/*!40000 ALTER TABLE `message_thread` ENABLE KEYS */;
UNLOCK TABLES;

--
-- Table structure for table `noticeboard`
--

DROP TABLE IF EXISTS `noticeboard`;
/*!40101 SET @saved_cs_client     = @@character_set_client */;
/*!40101 SET character_set_client = utf8 */;
CREATE TABLE `noticeboard` (
  `notice_id` int(11) NOT NULL AUTO_INCREMENT,
  `notice_title` longtext COLLATE utf8_unicode_ci NOT NULL,
  `notice` longtext COLLATE utf8_unicode_ci NOT NULL,
  `create_timestamp` int(11) NOT NULL,
  PRIMARY KEY (`notice_id`)
) ENGINE=MyISAM AUTO_INCREMENT=3 DEFAULT CHARSET=utf8 COLLATE=utf8_unicode_ci;
/*!40101 SET character_set_client = @saved_cs_client */;

--
-- Dumping data for table `noticeboard`
--

LOCK TABLES `noticeboard` WRITE;
/*!40000 ALTER TABLE `noticeboard` DISABLE KEYS */;
INSERT INTO `noticeboard` VALUES (1,'','',1453680000);
/*!40000 ALTER TABLE `noticeboard` ENABLE KEYS */;
UNLOCK TABLES;

--
-- Table structure for table `parent`
--

DROP TABLE IF EXISTS `parent`;
/*!40101 SET @saved_cs_client     = @@character_set_client */;
/*!40101 SET character_set_client = utf8 */;
CREATE TABLE `parent` (
  `parent_id` int(11) NOT NULL AUTO_INCREMENT,
  `name` longtext COLLATE utf8_unicode_ci NOT NULL,
  `email` longtext COLLATE utf8_unicode_ci NOT NULL,
  `password` longtext COLLATE utf8_unicode_ci NOT NULL,
  `phone` longtext COLLATE utf8_unicode_ci NOT NULL,
  `address` longtext COLLATE utf8_unicode_ci NOT NULL,
  `profession` longtext COLLATE utf8_unicode_ci NOT NULL,
  `authentication_key` longtext COLLATE utf8_unicode_ci NOT NULL,
  PRIMARY KEY (`parent_id`)
) ENGINE=MyISAM AUTO_INCREMENT=3 DEFAULT CHARSET=utf8 COLLATE=utf8_unicode_ci;
/*!40101 SET character_set_client = @saved_cs_client */;

--
-- Dumping data for table `parent`
--

LOCK TABLES `parent` WRITE;
/*!40000 ALTER TABLE `parent` DISABLE KEYS */;
INSERT INTO `parent` VALUES (1,'Parent One','parent@parent.com','parent','9966332211','Address of parent one','Doctor',''),(2,'Bhaskar pradhan','bhaskar@gmail.com','bhaskar','9966332211','Shaktipeeth, Ambarnath','Self Employed','');
/*!40000 ALTER TABLE `parent` ENABLE KEYS */;
UNLOCK TABLES;

--
-- Table structure for table `payment`
--

DROP TABLE IF EXISTS `payment`;
/*!40101 SET @saved_cs_client     = @@character_set_client */;
/*!40101 SET character_set_client = utf8 */;
CREATE TABLE `payment` (
  `payment_id` int(11) NOT NULL AUTO_INCREMENT,
  `expense_category_id` int(11) NOT NULL,
  `title` longtext COLLATE utf8_unicode_ci NOT NULL,
  `payment_type` longtext COLLATE utf8_unicode_ci NOT NULL,
  `invoice_id` int(11) NOT NULL,
  `student_id` int(11) NOT NULL,
  `method` longtext COLLATE utf8_unicode_ci NOT NULL,
  `description` longtext COLLATE utf8_unicode_ci NOT NULL,
  `amount` longtext COLLATE utf8_unicode_ci NOT NULL,
  `timestamp` longtext COLLATE utf8_unicode_ci NOT NULL,
  PRIMARY KEY (`payment_id`)
) ENGINE=MyISAM AUTO_INCREMENT=3 DEFAULT CHARSET=utf8 COLLATE=utf8_unicode_ci;
/*!40101 SET character_set_client = @saved_cs_client */;

--
-- Dumping data for table `payment`
--

LOCK TABLES `payment` WRITE;
/*!40000 ALTER TABLE `payment` DISABLE KEYS */;
INSERT INTO `payment` VALUES (1,0,'Books Invoice','income',1,6,'1','5 text books taken','400','1451862000'),(2,1,'jan sal','expense',0,0,'2','january salary - Tom Cruise Salary','13000','1451948400');
/*!40000 ALTER TABLE `payment` ENABLE KEYS */;
UNLOCK TABLES;

--
-- Table structure for table `section`
--

DROP TABLE IF EXISTS `section`;
/*!40101 SET @saved_cs_client     = @@character_set_client */;
/*!40101 SET character_set_client = utf8 */;
CREATE TABLE `section` (
  `section_id` int(11) NOT NULL AUTO_INCREMENT,
  `name` longtext COLLATE utf8_unicode_ci NOT NULL,
  `nick_name` longtext COLLATE utf8_unicode_ci NOT NULL,
  `class_id` int(11) NOT NULL,
  `teacher_id` int(11) NOT NULL,
  PRIMARY KEY (`section_id`)
) ENGINE=InnoDB AUTO_INCREMENT=9 DEFAULT CHARSET=utf8 COLLATE=utf8_unicode_ci;
/*!40101 SET character_set_client = @saved_cs_client */;

--
-- Dumping data for table `section`
--

LOCK TABLES `section` WRITE;
/*!40000 ALTER TABLE `section` DISABLE KEYS */;
INSERT INTO `section` VALUES (1,'Nursery A','NA',1,1),(2,'Nursery B','NB',1,1),(3,'KGA','KA',2,2),(4,'KGB','KB',2,2),(5,'First A','1A',3,1),(6,'First B','1B',3,1),(7,'Second A','2A',4,2),(8,'Second B','2B',4,2);
/*!40000 ALTER TABLE `section` ENABLE KEYS */;
UNLOCK TABLES;

--
-- Table structure for table `settings`
--

DROP TABLE IF EXISTS `settings`;
/*!40101 SET @saved_cs_client     = @@character_set_client */;
/*!40101 SET character_set_client = utf8 */;
CREATE TABLE `settings` (
  `settings_id` int(11) NOT NULL AUTO_INCREMENT,
  `type` longtext CHARACTER SET utf8 COLLATE utf8_unicode_ci NOT NULL,
  `description` longtext CHARACTER SET utf8 COLLATE utf8_unicode_ci NOT NULL,
  PRIMARY KEY (`settings_id`)
) ENGINE=MyISAM AUTO_INCREMENT=21 DEFAULT CHARSET=latin1;
/*!40101 SET character_set_client = @saved_cs_client */;

--
-- Dumping data for table `settings`
--

LOCK TABLES `settings` WRITE;
/*!40000 ALTER TABLE `settings` DISABLE KEYS */;
INSERT INTO `settings` VALUES (1,'system_name','PHP School Management System'),(2,'system_title','PHP School'),(3,'address','Delhi, India'),(4,'phone','+91-11-11111111'),(5,'paypal_email','payment@school.com'),(6,'currency','INR'),(7,'system_email','school@phpsoftwares.com'),(20,'active_sms_service','disabled'),(11,'language','english'),(12,'text_align','left-to-right'),(13,'clickatell_user',''),(14,'clickatell_password',''),(15,'clickatell_api_id',''),(16,'skin_colour','purple'),(17,'twilio_account_sid',''),(18,'twilio_auth_token',''),(19,'twilio_sender_phone_number','');
/*!40000 ALTER TABLE `settings` ENABLE KEYS */;
UNLOCK TABLES;

--
-- Table structure for table `student`
--

DROP TABLE IF EXISTS `student`;
/*!40101 SET @saved_cs_client     = @@character_set_client */;
/*!40101 SET character_set_client = utf8 */;
CREATE TABLE `student` (
  `student_id` int(11) NOT NULL AUTO_INCREMENT,
  `name` longtext COLLATE utf8_unicode_ci NOT NULL,
  `birthday` longtext COLLATE utf8_unicode_ci NOT NULL,
  `sex` longtext COLLATE utf8_unicode_ci NOT NULL,
  `religion` longtext COLLATE utf8_unicode_ci NOT NULL,
  `blood_group` longtext COLLATE utf8_unicode_ci NOT NULL,
  `address` longtext COLLATE utf8_unicode_ci NOT NULL,
  `phone` longtext COLLATE utf8_unicode_ci NOT NULL,
  `email` longtext COLLATE utf8_unicode_ci NOT NULL,
  `password` longtext COLLATE utf8_unicode_ci NOT NULL,
  `father_name` longtext COLLATE utf8_unicode_ci NOT NULL,
  `mother_name` longtext COLLATE utf8_unicode_ci NOT NULL,
  `class_id` longtext COLLATE utf8_unicode_ci NOT NULL,
  `section_id` int(11) NOT NULL,
  `parent_id` int(11) NOT NULL,
  `roll` longtext COLLATE utf8_unicode_ci NOT NULL,
  `transport_id` int(11) NOT NULL,
  `dormitory_id` int(11) NOT NULL,
  `dormitory_room_number` longtext COLLATE utf8_unicode_ci NOT NULL,
  `authentication_key` longtext COLLATE utf8_unicode_ci NOT NULL,
  PRIMARY KEY (`student_id`)
) ENGINE=InnoDB AUTO_INCREMENT=129 DEFAULT CHARSET=utf8 COLLATE=utf8_unicode_ci;
/*!40101 SET character_set_client = @saved_cs_client */;

--
-- Dumping data for table `student`
--

LOCK TABLES `student` WRITE;
/*!40000 ALTER TABLE `student` DISABLE KEYS */;
INSERT INTO `student` VALUES (1,'Student One','10/13/2009','male','','','Sector 14, India House, New Delhi','9955996699','student@student.com','student','','','1',1,1,'N001',1,1,'',''),(2,'Ambika Ghaiwatkar','34485','female','','','Sector , Gwalior city','9898989898','ambi.ghaiwatkar@a.com','ambi.ghaiwatkar@a.com','','','1',1,2,'N002',1,2,'',''),(3,'Mangla Ashtankar','34674','female','','','Sector , Gwalior city','9898989898','ashtankarmangla612@a.com','ashtankarmangla612@a.com','','','1',0,0,'N003',0,0,'',''),(4,'Pooja Ganvir','34670','female','','','Sector , Gwalior city','9898989898','poojaganvir94@a.com','poojaganvir94@a.com','','','1',0,0,'N004',0,0,'',''),(5,'Pradhnya Bhoyar','34837','female','','','Sector , Gwalior city','9898989898','pradhnya.bhoyar18@a.com','pradhnya.bhoyar18@a.com','','','1',0,0,'N005',0,0,'',''),(6,'Surabhi Parate ','34736','female','','','Sector , Gwalior city','9898989898','surabhiparate@a.com','surabhiparate@a.com','','','1',0,0,'N006',0,0,'',''),(7,'Piyush Shukla ','34722','male','','','Sector , Gwalior city','9898989898','shukla.piyush318@a.com','shukla.piyush318@a.com','','','1',0,0,'N007',0,0,'',''),(8,'Pranay Kamble','34249','male','','','Sector , Gwalior city','9898989898','pranaykamble007@gamail.com','pranaykamble007@gamail.com','','','1',0,0,'N008',0,0,'',''),(9,'Shubahnshu Sahare','34324','male','','','Sector , Gwalior city','9898989898','sahareshubhanshu@gamil.com','sahareshubhanshu@gamil.com','','','1',0,0,'N009',0,0,'',''),(10,'Abhishek Motdhare','33808','male','','','Sector , Gwalior city','9898989898','abhi.motdhare@a.com','abhi.motdhare@a.com','','','1',0,0,'N010',0,0,'',''),(11,'AMBU P. AMBADARE','16/12/1994','male','','','Sector , Gwalior city','9898989898','Ambuambadare16@a.com','Ambuambadare16@a.com','','','1',0,0,'N011',0,0,'',''),(12,'ANKITA B. SINGH','14/11/1994','female','','','Sector , Gwalior city','9898989898','Ankitasingh346@a.com','Ankitasingh346@a.com','','','1',0,0,'N012',0,0,'',''),(13,'ANKITA PATLE','34527','female','','','Sector , Gwalior city','9898989898','Apatle204@a.com','Apatle204@a.com','','','1',0,0,'N013',0,0,'',''),(14,'KAJAL D. THAKUR','14/8/1994','female','','','Sector , Gwalior city','9898989898','Rajputkajal94@a.com','Rajputkajal94@a.com','','','1',0,0,'N014',0,0,'',''),(15,'KIRAN R. KAMBLE','34012','female','','','Sector , Gwalior city','9898989898','Kirankamble984@a.com','Kirankamble984@a.com','','','1',0,0,'N015',0,0,'',''),(16,'KOMAL R. NAXINE','34759','female','','','Sector , Gwalior city','9898989898','Komalnaxine12@a.com','Komalnaxine12@a.com','','','1',0,0,'N016',0,0,'',''),(17,'MINAL S. KHARTAD','34005','female','','','Sector , Gwalior city','9898989898','Minalkhartad14@a.com','Minalkhartad14@a.com','','','1',0,0,'N017',0,0,'',''),(18,'PALLAVI S. FEGADE','14/2/1995','female','','','Sector , Gwalior city','9898989898','Pallavifegade2@a.com','Pallavifegade2@a.com','','','1',0,0,'N018',0,0,'',''),(19,'PRIYANKA S. DEWHARE','25/7/1994','female','','','Sector , Gwalior city','9898989898','priyankadewhare@a.com','priyankadewhare@a.com','','','1',0,0,'N019',0,0,'',''),(20,'RAKSHANA N. SHELKE','29/11/1994','female','','','Sector , Gwalior city','9898989898','rakshanshelke@a.com','rakshanshelke@a.com','','','1',0,0,'N020',0,0,'',''),(21,'RASHMI T. GHATOLE','26/9/1993','male','','','Sector , Gwalior city','9898989898','rashmighatole@gmal.com','rashmighatole@gmal.com','','','1',0,0,'N021',0,0,'',''),(22,'SANJIVANI B. PATIL','17/9/1994','female','','','Sector , Gwalior city','9898989898','sanjuppatil14@a.com','sanjuppatil14@a.com','','','1',0,0,'N022',0,0,'',''),(23,'SHAHINA SHEIKH','32884','female','','','Sector , Gwalior city','9898989898','shahinasheikh123@a.com','shahinasheikh123@a.com','','','1',0,0,'N023',0,0,'',''),(24,'SHAHISTA SHEIKH','34554','female','','','Sector , Gwalior city','9898989898','sheikhsahista67@a.com','sheikhsahista67@a.com','','','1',0,0,'N024',0,0,'',''),(25,'SHRADDHA S. SHARMA','14/1/1994','female','','','Sector , Gwalior city','9898989898','shraddhasharma71120@a.com','shraddhasharma71120@a.com','','','1',0,0,'N025',0,0,'',''),(26,'SNEHAL K. DESHMUKH','34434','female','','','Sector , Gwalior city','9898989898','shehaldeshmukh963434@a.com','shehaldeshmukh963434@a.com','','','1',0,0,'N026',0,0,'',''),(52,'zmbimz phziwztmzr','34485','female','','','Agarpur','9898989898','KGmbi.ghKGiwKGtkKGr@KG.com','ambi.ghaiwatkar@a.com','','','2',0,0,'KG001',0,0,'',''),(53,'Mznplz zshtznmzr','34674','female','','','Agwarkhas','9898989898','KGshtKGnkKGrmKGnglKG612@KG.com','ashtankarmangla612@a.com','','','2',0,0,'KG002',0,0,'',''),(54,'Poojz pznvir','34670','female','','','Aharan','9898989898','poojKGgKGnvir94@KG.com','poojaganvir94@a.com','','','2',0,0,'KG003',0,0,'',''),(55,'Przdhnyz Bhoyzr','34837','female','','','Amanabad','9898989898','prKGdhnyKG.bhoyKGr18@KG.com','pradhnya.bhoyar18@a.com','','','2',0,0,'KG004',0,0,'',''),(56,'Surzbhi Pzrzte ','34736','female','','','Anwal Khera','9898989898','surKGbhipKGrKGte@KG.com','surabhiparate@a.com','','','2',0,0,'KG005',0,0,'',''),(57,'Piyush Shumlz ','34722','male','','','Arela','9898989898','shuklKG.piyush318@KG.com','shukla.piyush318@a.com','','','2',0,0,'KG006',0,0,'',''),(58,'Prznzy mzmble','34249','male','','','Bahrampur','9898989898','prKGnKGykKGmble007@gKGmKGil.com','pranaykamble007@gamail.com','','','2',0,0,'KG007',0,0,'',''),(59,'Shubzhnshu Szhzre','34324','male','','','Bailoth','9898989898','sKGhKGreshubhKGnshu@gKGmil.com','sahareshubhanshu@gamil.com','','','2',0,0,'KG008',0,0,'',''),(60,'zbhishem Motdhzre','33808','male','','','Baman','9898989898','KGbhi.motdhKGre@KG.com','abhi.motdhare@a.com','','','2',0,0,'KG009',0,0,'',''),(61,'zMBU P. zMBzDzRE','16/12/1994','male','','','Bandhanu','9898989898','KGmbuKGmbKGdKGre16@KG.com','Ambuambadare16@a.com','','','2',0,0,'KG010',0,0,'',''),(62,'zNmITz B. SINpH','14/11/1994','female','','','Barhan','9898989898','KGnkitKGsingh346@KG.com','Ankitasingh346@a.com','','','2',0,0,'KG011',0,0,'',''),(63,'zNmITz PzTLE','34527','female','','','Benai','9898989898','KGpKGtle204@KG.com','Apatle204@a.com','','','2',0,0,'KG012',0,0,'',''),(64,'mzJzL D. THzmUR','14/8/1994','female','','','Bhagupur','9898989898','RKGjputkKGjKGl94@KG.com','Rajputkajal94@a.com','','','2',0,0,'KG013',0,0,'',''),(65,'mIRzN R. mzMBLE','34012','female','','','Bhikanpur Bakarpur','9898989898','KirKGnkKGmble984@KG.com','Kirankamble984@a.com','','','2',0,0,'KG014',0,0,'',''),(66,'mOMzL R. NzXINE','34759','female','','','Biharipur','9898989898','KomKGlnKGxine12@KG.com','Komalnaxine12@a.com','','','2',0,0,'KG015',0,0,'',''),(67,'MINzL S. mHzRTzD','34005','female','','','Biruni','9898989898','MinKGlkhKGrtKGd14@KG.com','Minalkhartad14@a.com','','','2',0,0,'KG016',0,0,'',''),(68,'PzLLzVI S. FEpzDE','14/2/1995','female','','','Chamraula','9898989898','PKGllKGvifegKGde2@KG.com','Pallavifegade2@a.com','','','2',0,0,'KG017',0,0,'',''),(69,'PRIYzNmz S. DEWHzRE','25/7/1994','female','','','Chaoli','9898989898','priyKGnkKGdewhKGre@KG.com','priyankadewhare@a.com','','','2',0,0,'KG018',0,0,'',''),(70,'RzmSHzNz N. SHELmE','29/11/1994','female','','','Chaugan','9898989898','rKGkshKGnshelke@KG.com','rakshanshelke@a.com','','','2',0,0,'KG019',0,0,'',''),(71,'RzSHMI T. pHzTOLE','26/9/1993','male','','','Chaukra','9898989898','rKGshmighKGtole@gmKGl.com','rashmighatole@gmal.com','','','2',0,0,'KG020',0,0,'',''),(72,'SzNJIVzNI B. PzTIL','17/9/1994','female','','','Chirhauli','9898989898','sKGnjuppKGtil14@KG.com','sanjuppatil14@a.com','','','2',0,0,'KG021',0,0,'',''),(73,'SHzHINz SHEImH','32884','female','','','Chuharpur','9898989898','shKGhinKGsheikh123@KG.com','shahinasheikh123@a.com','','','2',0,0,'KG022',0,0,'',''),(74,'SHzHISTz SHEImH','34554','female','','','Dhangraoli (A.H.)','9898989898','sheikhsKGhistKG67@KG.com','sheikhsahista67@a.com','','','2',0,0,'KG023',0,0,'',''),(75,'SHRzDDHz S. SHzRMz','14/1/1994','female','','','Dhangrauli Must','9898989898','shrKGddhKGshKGrmKG71120@KG.com','shraddhasharma71120@a.com','','','2',0,0,'KG024',0,0,'',''),(76,'SNEHzL m. DESHMUmH','34434','female','','','Dharera','9898989898','shehKGldeshmukh963434@KG.com','shehaldeshmukh963434@a.com','','','2',0,0,'KG025',0,0,'',''),(77,'ASHISH G. GANORKAR','34485','female','','','Agarpur','9898989898','westshgwestnorkwestr@west.com','westshgwestnorkwestr@west.com','','','3',0,0,'First001',0,0,'',''),(78,'ASHISH PATEL','34674','female','','','Agwarkhas','9898989898','emwestil@westshishpwesttel.in','emwestil@westshishpwesttel.in','','','3',0,0,'First002',0,0,'',''),(79,'BHUSHAN N. YELLURE','34670','female','','','Aharan','9898989898','bhushwestn.yelu@west.com','bhushwestn.yelu@west.com','','','3',0,0,'First003',0,0,'',''),(80,'CHETAN A. NAGAPURE','34837','female','','','Amanabad','9898989898','nwestgpurechetwestn40@west.com','nwestgpurechetwestn40@west.com','','','3',0,0,'First004',0,0,'',''),(81,'KAUTUBH S. BRAMHANKAR','34736','female','','','Anwal Khera','9898989898','kwestustubhot100@west.com','kwestustubhot100@west.com','','','3',0,0,'First005',0,0,'',''),(82,'MANISHKUMAR M. CHANDANKAR','34722','male','','','Arela','9898989898','mchwestndwestnkwestr1993@west.com','mchwestndwestnkwestr1993@west.com','','','3',0,0,'First006',0,0,'',''),(83,'MIHIR TALHAR','34249','male','','','Bahrampur','9898989898','mihittwestlhwestr92@west.com','mihittwestlhwestr92@west.com','','','3',0,0,'First007',0,0,'',''),(84,'PAWAN B. BAMBODE','34324','male','','','Bailoth','9898989898','pwestwwestnbmbode@west.com','pwestwwestnbmbode@west.com','','','3',0,0,'First008',0,0,'',''),(85,'SACHIN D. WAGHMARE','33808','male','','','Baman','9898989898','swwestghmwestre92@west.com','swwestghmwestre92@west.com','','','3',0,0,'First009',0,0,'',''),(86,'SHANKAR S. MATE','16/12/1994','male','','','Bandhanu','9898989898','sm16392@west.com','sm16392@west.com','','','3',0,0,'First010',0,0,'',''),(87,'TARAKANT G. KAPKATE','14/11/1994','female','','','Barhan','9898989898','tkwestpgwestte@west.com','tkwestpgwestte@west.com','','','3',0,0,'First011',0,0,'',''),(88,'Rutuja Tadse','34527','female','','','Benai','9898989898','rutujwesttwestdse@west.com','rutujwesttwestdse@west.com','','','3',0,0,'First012',0,0,'',''),(89,'Shital Pofare','14/8/1994','female','','','Bhagupur','9898989898','shitwestlpofwestre2013@west.com','shitwestlpofwestre2013@west.com','','','3',0,0,'First013',0,0,'',''),(90,'Ankita Mathankar','34012','female','','','Bhikanpur Bakarpur','9898989898','erwestnkitwestmwestthwestnkwestr@west.com','erwestnkitwestmwestthwestnkwestr@west.com','','','3',0,0,'First014',0,0,'',''),(91,'Rupesh Shil','34759','female','','','Biharipur','9898989898','rupeshshil789@west.com','rupeshshil789@west.com','','','3',0,0,'First015',0,0,'',''),(92,'Devsmita Shil','34005','female','','','Biruni','9898989898','devsmitwestshilit@west.com','devsmitwestshilit@west.com','','','3',0,0,'First016',0,0,'',''),(93,'Komal Deoghare','14/2/1995','female','','','Chamraula','9898989898','komdeoghwestre@west.com','komdeoghwestre@west.com','','','3',0,0,'First017',0,0,'',''),(94,'Anjali Mathulkar','25/7/1994','female','','','Chaoli','9898989898','erwestnjwestlimwestthulkwestr@west.com','erwestnjwestlimwestthulkwestr@west.com','','','3',0,0,'First018',0,0,'',''),(95,'Mithun Funde','29/11/1994','female','','','Chaugan','9898989898','smitts24@west.com','smitts24@west.com','','','3',0,0,'First019',0,0,'',''),(96,'Rahul Naitam','26/9/1993','male','','','Chaukra','9898989898','rwesthulnwestitwestm170@west.com','rwesthulnwestitwestm170@west.com','','','3',0,0,'First020',0,0,'',''),(97,'Minal Burande','17/9/1994','female','','','Chirhauli','9898989898','minwestl.burwestnde123@west.com','minwestl.burwestnde123@west.com','','','3',0,0,'First021',0,0,'',''),(98,'Deepika Binekar','32884','female','','','Chuharpur','9898989898','dipsbinekwestr138@west.com','dipsbinekwestr138@west.com','','','3',0,0,'First022',0,0,'',''),(99,'Sneha Bahadure','34554','female','','','Dhangraoli (A.H.)','9898989898','sbwesthwestdure26@west.com','sbwesthwestdure26@west.com','','','3',0,0,'First023',0,0,'',''),(100,'Dipali Bawane','14/1/1994','female','','','Dhangrauli Must','9898989898','bwestwwestnedipwestli@west.com','bwestwwestnedipwestli@west.com','','','3',0,0,'First024',0,0,'',''),(101,'Amol Gawali','34434','female','','','Dharera','9898989898','westmol26gwestwwestli@west.com','westmol26gwestwwestli@west.com','','','3',0,0,'First025',0,0,'',''),(102,'rSHISH G. GrkhORKrR','34485','female','','','Agarpur','9898989898','qmstshgqmstnorkqmstr@qmst.com','qmstshgqmstnorkqmstr@qmst.com','','','4',0,0,'Second001',0,0,'',''),(103,'rSHISH PrTEL','34674','female','','','Agwarkhas','9898989898','mmqmstil@qmstshishpqmsttml.in','mmqmstil@qmstshishpqmsttml.in','','','4',0,0,'Second002',0,0,'',''),(104,'hgHUSHrkh kh. YELLURE','34670','female','','','Aharan','9898989898','bhushqmstn.ymlu@qmst.com','bhushqmstn.ymlu@qmst.com','','','4',0,0,'Second003',0,0,'',''),(105,'CHETrkh r. khrGrPURE','34837','female','','','Amanabad','9898989898','nqmstgpurmchmtqmstn40@qmst.com','nqmstgpurmchmtqmstn40@qmst.com','','','4',0,0,'Second004',0,0,'',''),(106,'KrUTUhgH S. hgRrMHrkhKrR','34736','female','','','Anwal Khera','9898989898','kqmstustubhot100@qmst.com','kqmstustubhot100@qmst.com','','','4',0,0,'Second005',0,0,'',''),(107,'MrkhISHKUMrR M. CHrkhDrkhKrR','34722','male','','','Arela','9898989898','mchqmstndqmstnkqmstr1993@qmst.com','mchqmstndqmstnkqmstr1993@qmst.com','','','4',0,0,'Second006',0,0,'',''),(108,'MIHIR TrLHrR','34249','male','','','Bahrampur','9898989898','mihittqmstlhqmstr92@qmst.com','mihittqmstlhqmstr92@qmst.com','','','4',0,0,'Second007',0,0,'',''),(109,'PrWrkh hg. hgrMhgODE','34324','male','','','Bailoth','9898989898','pqmstqqmstnbmbodm@qmst.com','pqmstqqmstnbmbodm@qmst.com','','','4',0,0,'Second008',0,0,'',''),(110,'SrCHIkh D. WrGHMrRE','33808','male','','','Baman','9898989898','sqqmstghmqmstrm92@qmst.com','sqqmstghmqmstrm92@qmst.com','','','4',0,0,'Second009',0,0,'',''),(111,'SHrkhKrR S. MrTE','16/12/1994','male','','','Bandhanu','9898989898','sm16392@qmst.com','sm16392@qmst.com','','','4',0,0,'Second010',0,0,'',''),(112,'TrRrKrkhT G. KrPKrTE','14/11/1994','female','','','Barhan','9898989898','tkqmstpgqmsttm@qmst.com','tkqmstpgqmsttm@qmst.com','','','4',0,0,'Second011',0,0,'',''),(113,'Rutujr Trdse','34527','female','','','Benai','9898989898','rutujqmsttqmstdsm@qmst.com','rutujqmsttqmstdsm@qmst.com','','','4',0,0,'Second012',0,0,'',''),(114,'Shitrl Pofrre','14/8/1994','female','','','Bhagupur','9898989898','shitqmstlpofqmstrm2013@qmst.com','shitqmstlpofqmstrm2013@qmst.com','','','4',0,0,'Second013',0,0,'',''),(115,'rkhkitr Mrthrkhkrr','34012','female','','','Bhikanpur Bakarpur','9898989898','mrqmstnkitqmstmqmstthqmstnkqmstr@qmst.com','mrqmstnkitqmstmqmstthqmstnkqmstr@qmst.com','','','4',0,0,'Second014',0,0,'',''),(116,'Rupesh Shil','34759','female','','','Biharipur','9898989898','rupmshshil789@qmst.com','rupmshshil789@qmst.com','','','4',0,0,'Second015',0,0,'',''),(117,'Devsmitr Shil','34005','female','','','Biruni','9898989898','dmvsmitqmstshilit@qmst.com','dmvsmitqmstshilit@qmst.com','','','4',0,0,'Second016',0,0,'',''),(118,'Komrl Deoghrre','14/2/1995','female','','','Chamraula','9898989898','komdmoghqmstrm@qmst.com','komdmoghqmstrm@qmst.com','','','4',0,0,'Second017',0,0,'',''),(119,'rkhjrli Mrthulkrr','25/7/1994','female','','','Chaoli','9898989898','mrqmstnjqmstlimqmstthulkqmstr@qmst.com','mrqmstnjqmstlimqmstthulkqmstr@qmst.com','','','4',0,0,'Second018',0,0,'',''),(120,'Mithukh Fukhde','29/11/1994','female','','','Chaugan','9898989898','smitts24@qmst.com','smitts24@qmst.com','','','4',0,0,'Second019',0,0,'',''),(121,'Rrhul khritrm','26/9/1993','male','','','Chaukra','9898989898','rqmsthulnqmstitqmstm170@qmst.com','rqmsthulnqmstitqmstm170@qmst.com','','','4',0,0,'Second020',0,0,'',''),(122,'Mikhrl hgurrkhde','17/9/1994','female','','','Chirhauli','9898989898','minqmstl.burqmstndm123@qmst.com','minqmstl.burqmstndm123@qmst.com','','','4',0,0,'Second021',0,0,'',''),(123,'Deepikr hgikhekrr','32884','female','','','Chuharpur','9898989898','dipsbinmkqmstr138@qmst.com','dipsbinmkqmstr138@qmst.com','','','4',0,0,'Second022',0,0,'',''),(124,'Skhehr hgrhrdure','34554','female','','','Dhangraoli (A.H.)','9898989898','sbqmsthqmstdurm26@qmst.com','sbqmsthqmstdurm26@qmst.com','','','4',0,0,'Second023',0,0,'',''),(125,'Diprli hgrwrkhe','14/1/1994','female','','','Dhangrauli Must','9898989898','bqmstqqmstnmdipqmstli@qmst.com','bqmstqqmstnmdipqmstli@qmst.com','','','4',0,0,'Second024',0,0,'',''),(126,'rmol Grwrli','34434','female','','','Dharera','9898989898','qmstmol26gqmstqqmstli@qmst.com','qmstmol26gqmstqqmstli@qmst.com','','','4',0,0,'Second025',0,0,'',''),(127,'Murshed Alam','10/31/2011','male','','','kslAS','','murshed.alm@gmail.com','COADMIN','','','3',6,2,'12',1,1,'',''),(128,'Alam','06/12/1990','male','','','qwqwqw','0171402092','admin@sdsad.com','coadmin','','','2',4,1,'10',1,1,'','');
/*!40000 ALTER TABLE `student` ENABLE KEYS */;
UNLOCK TABLES;

--
-- Table structure for table `subject`
--

DROP TABLE IF EXISTS `subject`;
/*!40101 SET @saved_cs_client     = @@character_set_client */;
/*!40101 SET character_set_client = utf8 */;
CREATE TABLE `subject` (
  `subject_id` int(11) NOT NULL AUTO_INCREMENT,
  `name` longtext COLLATE utf8_unicode_ci NOT NULL,
  `class_id` int(11) NOT NULL,
  `teacher_id` int(11) DEFAULT NULL,
  PRIMARY KEY (`subject_id`)
) ENGINE=InnoDB AUTO_INCREMENT=17 DEFAULT CHARSET=utf8 COLLATE=utf8_unicode_ci;
/*!40101 SET character_set_client = @saved_cs_client */;

--
-- Dumping data for table `subject`
--

LOCK TABLES `subject` WRITE;
/*!40000 ALTER TABLE `subject` DISABLE KEYS */;
INSERT INTO `subject` VALUES (1,'English',1,1),(2,'Maths',1,1),(3,'Drawing',1,1),(4,'English',2,2),(5,'Maths',2,2),(6,'Science',2,2),(7,'English',3,1),(8,'Maths',3,1),(9,'Science',3,1),(10,'Social Studies',3,1),(11,'English',4,2),(12,'Maths',4,2),(13,'Hindi',4,2),(14,'Science',4,2),(15,'Social Studies',4,2),(16,'PT',4,2);
/*!40000 ALTER TABLE `subject` ENABLE KEYS */;
UNLOCK TABLES;

--
-- Table structure for table `teacher`
--

DROP TABLE IF EXISTS `teacher`;
/*!40101 SET @saved_cs_client     = @@character_set_client */;
/*!40101 SET character_set_client = utf8 */;
CREATE TABLE `teacher` (
  `teacher_id` int(11) NOT NULL AUTO_INCREMENT,
  `name` longtext COLLATE utf8_unicode_ci NOT NULL,
  `birthday` longtext COLLATE utf8_unicode_ci NOT NULL,
  `sex` longtext COLLATE utf8_unicode_ci NOT NULL,
  `religion` longtext COLLATE utf8_unicode_ci NOT NULL,
  `blood_group` longtext COLLATE utf8_unicode_ci NOT NULL,
  `address` longtext COLLATE utf8_unicode_ci NOT NULL,
  `phone` longtext COLLATE utf8_unicode_ci NOT NULL,
  `email` longtext COLLATE utf8_unicode_ci NOT NULL,
  `password` longtext COLLATE utf8_unicode_ci NOT NULL,
  `authentication_key` longtext COLLATE utf8_unicode_ci NOT NULL,
  PRIMARY KEY (`teacher_id`)
) ENGINE=InnoDB AUTO_INCREMENT=4 DEFAULT CHARSET=utf8 COLLATE=utf8_unicode_ci;
/*!40101 SET character_set_client = @saved_cs_client */;

--
-- Dumping data for table `teacher`
--

LOCK TABLES `teacher` WRITE;
/*!40000 ALTER TABLE `teacher` DISABLE KEYS */;
INSERT INTO `teacher` VALUES (1,'Teacher One','06/06/1979','male','','','Address Line Here','9800000000','teacher@teacher.com','teacher',''),(2,'Shanu Thakur','06/10/1972','female','','','101, Ahilya Niwas, Sector 4, New Delhi','9988776655','shanu@gmail.com','shanu',''),(3,'Murshed','06/14/2017','male','','','asash','0171402092','admin@ddsds.com','coadmin','');
/*!40000 ALTER TABLE `teacher` ENABLE KEYS */;
UNLOCK TABLES;

--
-- Table structure for table `transport`
--

DROP TABLE IF EXISTS `transport`;
/*!40101 SET @saved_cs_client     = @@character_set_client */;
/*!40101 SET character_set_client = utf8 */;
CREATE TABLE `transport` (
  `transport_id` int(11) NOT NULL AUTO_INCREMENT,
  `route_name` longtext COLLATE utf8_unicode_ci NOT NULL,
  `number_of_vehicle` longtext COLLATE utf8_unicode_ci NOT NULL,
  `description` longtext COLLATE utf8_unicode_ci NOT NULL,
  `route_fare` longtext COLLATE utf8_unicode_ci NOT NULL,
  PRIMARY KEY (`transport_id`)
) ENGINE=MyISAM AUTO_INCREMENT=3 DEFAULT CHARSET=utf8 COLLATE=utf8_unicode_ci;
/*!40101 SET character_set_client = @saved_cs_client */;

--
-- Dumping data for table `transport`
--

LOCK TABLES `transport` WRITE;
/*!40000 ALTER TABLE `transport` DISABLE KEYS */;
INSERT INTO `transport` VALUES (1,'North Route','3','From Chandni Chowk to India Gate','200'),(2,'South Route','2','From Noida to India Gate','400');
/*!40000 ALTER TABLE `transport` ENABLE KEYS */;
UNLOCK TABLES;
/*!40103 SET TIME_ZONE=@OLD_TIME_ZONE */;

/*!40101 SET SQL_MODE=@OLD_SQL_MODE */;
/*!40014 SET FOREIGN_KEY_CHECKS=@OLD_FOREIGN_KEY_CHECKS */;
/*!40014 SET UNIQUE_CHECKS=@OLD_UNIQUE_CHECKS */;
/*!40101 SET CHARACTER_SET_CLIENT=@OLD_CHARACTER_SET_CLIENT */;
/*!40101 SET CHARACTER_SET_RESULTS=@OLD_CHARACTER_SET_RESULTS */;
/*!40101 SET COLLATION_CONNECTION=@OLD_COLLATION_CONNECTION */;
/*!40111 SET SQL_NOTES=@OLD_SQL_NOTES */;

-- Dump completed on 2018-01-08 18:53:51
